source_facil,dest_facil,n_transfers
F43,F43,6338
F52,F52,4013
F37,F37,3552
F38,F38,3129
F22,F22,3060
F47,F47,2820
F35,F35,2707
F46,F46,2406
F34,F34,2046
F36,F36,2014
F49,F49,1814
F33,F33,1421
F24,F24,1091
F45,F45,1015
F52,I364,967
F22,I365,948
F52,I363,944
F31,F31,882
F33,I369,866
F22,I371,782
F35,I369,776
F49,I382,754
F43,I374,735
F47,I377,694
I360,F48,667
F43,I373,603
F36,I393,581
F26,F26,579
F37,I404,544
F37,I369,487
F31,I372,481
F22,I383,479
F43,I370,476
F24,I385,464
F22,I395,445
F31,I396,444
F38,I388,435
I361,F43,422
F24,I378,417
F24,F43,414
I362,F45,406
F36,I386,405
F35,I394,404
F43,I427,402
I362,F80,389
F33,F38,388
F43,I420,381
F33,I406,377
F35,I404,366
F46,F76,365
F35,I391,363
F46,I408,352
I363,F52,348
F22,I415,346
F35,I399,336
F33,I390,333
F34,I392,330
F43,I381,329
F36,I384,328
F52,I402,315
I364,F52,311
F35,I400,305
F36,I412,303
F22,F37,302
F23,F22,302
F26,I430,294
F39,I417,294
I365,F22,284
F48,I360,282
F43,I405,277
F47,F73,275
F49,I398,274
F35,I411,268
F47,I416,268
F27,I432,266
F31,F33,262
F47,I407,259
I366,F45,253
F49,I439,251
F35,I386,247
I367,F47,245
F37,F22,243
I368,F36,242
I369,F33,241
F37,I426,234
I370,F43,222
F52,I410,222
F24,I418,222
F43,I413,218
F35,I452,211
F24,I463,211
F26,F37,206
F22,I469,205
I369,F35,204
I371,F22,202
F46,F73,202
I372,F31,201
F43,I361,196
I373,F43,195
F35,F54,195
F36,I404,195
I374,F43,194
F45,F76,194
F36,I436,193
F43,I433,188
F45,I362,185
F26,I411,182
F35,I496,182
I375,F52,181
F26,I474,179
I376,F37,178
F52,I490,178
I377,F47,177
F39,F39,176
F27,F27,176
F31,I369,176
F43,I428,176
F46,I407,176
I378,F24,174
F47,I446,174
F47,I442,173
F36,I449,172
I379,F37,171
F45,I408,170
F37,I496,169
F48,F48,167
F53,F53,167
F45,F80,166
I380,F52,165
I381,F43,164
I382,F49,163
F38,F33,163
F43,F24,163
F46,I446,161
F37,I406,161
I383,F22,160
F22,F78,160
F46,I482,160
I384,F36,159
F33,I426,159
F47,F80,158
I385,F24,155
I386,F36,154
F41,F41,154
F45,F47,153
F34,I426,152
F33,I441,152
F46,I416,152
I387,F52,151
F24,I431,151
F43,I503,150
F33,I475,148
F22,I407,148
F49,I527,148
F45,I446,147
F31,F38,146
I388,F38,146
F35,I406,146
I389,F43,145
F42,F42,145
F37,F29,144
I390,F33,143
F46,I481,143
F43,I510,143
F45,I482,143
F35,I473,142
F40,F40,141
F35,I449,141
I391,F35,140
F43,I480,140
F47,F45,139
F46,F47,139
F30,I481,139
F34,F29,139
I392,F34,138
F40,I557,138
F47,F79,138
F36,I465,138
I393,F36,136
F33,F31,136
F22,I424,136
I394,F35,135
F47,F46,134
F47,I476,134
I395,F22,132
F29,F29,131
I396,F31,129
F26,I488,129
F46,F37,128
F52,I461,128
I397,F43,127
I398,F49,127
I399,F35,127
F76,F46,126
I400,F35,126
I401,F38,126
F80,I362,126
F49,I501,126
F52,I534,126
I402,F52,125
F22,I454,125
F43,I477,125
F31,I496,125
I403,F43,124
F41,I479,124
F43,I540,124
F37,F46,123
F34,F37,123
F53,I467,123
F47,I408,123
F36,I522,123
F52,I460,121
I404,F37,120
F45,F46,119
F36,I368,119
F46,I520,117
F52,I519,117
F35,I426,116
F43,I500,116
F52,I458,115
I405,F43,114
I369,F37,114
I406,F33,114
F45,I366,114
F35,I384,114
F35,I516,113
F43,I498,113
F42,I470,111
F35,I465,111
F37,F34,110
I360,F49,110
F45,I464,110
F46,I369,110
I407,F47,109
F45,F73,109
F22,I448,109
F52,I459,109
F43,I559,109
F73,F73,108
F46,F80,108
F43,I499,108
F37,I473,108
I408,F46,107
F38,I369,107
F47,I560,107
F22,F36,106
F30,F30,106
F79,F47,106
F80,F80,106
F47,I464,105
F52,I511,105
F33,F37,104
I409,F37,103
F46,F45,103
F36,I452,103
F43,I450,103
F22,I486,103
F42,F52,102
I410,F52,102
I411,F35,102
F52,I506,102
F36,F38,101
F33,I372,101
F45,I416,101
F43,I444,101
F34,F38,100
F33,I516,100
I412,F36,99
I413,F43,99
I414,F52,99
F35,F38,99
F47,F38,99
F43,I484,99
F36,F74,99
F41,F24,98
I415,F22,98
F46,F55,98
I416,F47,97
F37,I392,96
I366,F80,96
F37,F26,95
I417,F39,95
F35,I468,95
F36,F78,95
F79,F79,95
F52,I518,95
F27,F37,94
I418,F24,94
F34,F74,94
F25,I501,93
F33,I404,93
F39,I360,92
F25,F25,92
F47,F55,92
F52,F38,91
F47,I569,91
F38,F29,91
F31,I390,91
I419,F36,90
F54,F35,90
F37,F33,90
F46,I464,90
F45,I521,90
F47,I482,90
I404,F35,89
I379,F22,89
F47,I521,89
F49,I360,88
I420,F43,88
F36,I419,88
F37,I516,88
F43,I526,88
F38,F34,87
F34,F36,86
F45,F55,86
F34,I419,86
F49,I566,86
F37,I391,86
F34,I421,86
F36,F22,85
F30,I520,85
F36,I548,85
F37,I371,85
I421,F34,84
F30,F46,84
F45,I530,84
F38,F78,84
F37,I515,84
F53,I472,84
I366,F76,84
F47,I492,83
I422,F37,82
I423,F37,82
F38,I392,82
F37,F35,81
F38,I446,81
F36,F34,80
F47,I367,80
I424,F22,80
F37,I562,80
F45,I485,80
F40,I538,80
F37,F36,79
I425,F37,79
I426,F37,79
F39,I478,79
F37,F43,78
I427,F43,78
I428,F43,78
F36,F37,78
F22,F38,78
F38,F47,78
I362,F47,78
F46,F22,78
F45,I512,78
F52,I470,78
F43,I483,78
I429,F52,77
F29,F37,77
F53,I504,77
F26,I487,77
F43,I385,77
F43,I532,77
I430,F26,76
F37,F38,76
I431,F24,76
F38,F22,76
I432,F27,76
F37,I563,76
I433,F43,75
I434,F37,75
F73,F47,75
F37,I441,75
F34,I495,75
F33,I396,75
F74,F34,74
F35,F37,74
F52,I375,74
F35,I494,74
F37,I547,74
F52,I533,73
F45,I407,73
F74,F74,73
I386,F35,72
I401,F33,72
F38,F31,72
F37,I550,72
F52,I544,72
F49,I417,72
F37,I407,72
F49,I556,72
F31,I406,72
F26,I505,72
I435,F52,71
F37,I376,71
F25,I618,71
F34,I489,71
F37,I536,71
F43,I378,71
I436,F36,70
F53,I360,70
I437,F52,70
F46,I362,70
F43,I605,70
F35,I495,70
I438,F52,69
F22,F46,69
I362,F46,69
I439,F49,69
F43,I389,69
F43,I529,69
F33,F75,69
F52,I551,69
I440,F43,68
F37,I379,68
F53,F49,68
F37,F55,68
F34,I443,68
F46,I530,68
F78,F78,68
F22,I515,68
I376,F35,67
I441,F33,67
F43,I509,67
F52,F43,66
F41,F43,66
F73,F46,66
F36,F35,66
F47,I530,66
F24,I537,66
F36,I547,66
F35,F36,65
F45,F38,65
I442,F47,65
F34,I466,65
F46,I372,65
F34,I525,65
F33,I496,65
F37,I465,65
F52,I380,64
F22,I555,64
F49,I502,64
F38,I415,64
F22,I522,64
I443,F34,63
F29,F34,63
I444,F43,63
I445,F52,63
I446,F46,63
F38,F37,63
I446,F47,63
F38,F36,62
F37,I390,62
F46,I507,62
F47,F76,62
I404,F36,61
F46,F38,61
I447,F24,61
F80,F47,61
I448,F22,61
F36,I383,61
F22,I384,61
F37,I614,61
I449,F36,60
I450,F43,60
I451,F52,60
F38,I401,60
F33,F35,60
I452,F35,60
F76,F45,60
I453,F22,60
I454,F22,60
F36,F32,60
F38,I426,60
F37,I400,60
F37,I399,60
F34,F78,60
F54,F54,60
F34,I547,60
F52,I591,60
F51,I536,60
F76,F76,60
I455,F52,59
I456,F52,59
I457,F52,59
I458,F52,59
I459,F52,59
F34,F35,59
I360,F38,59
F52,I387,59
F78,F22,59
F46,I553,59
F36,I493,59
I460,F52,58
I407,F46,58
F38,F35,58
F34,F55,58
F37,I415,58
F47,I571,58
I461,F52,57
I462,F38,57
F35,I567,57
F38,I547,57
I391,F37,56
F80,F45,56
I463,F24,56
I464,F47,56
F36,I399,56
F22,I404,56
I465,F36,55
I426,F34,55
I466,F34,55
I467,F53,55
I468,F35,55
F52,F37,55
I469,F22,55
I470,F42,55
F34,I369,55
F52,I615,55
I360,F43,54
I471,F52,54
I472,F53,54
F25,F49,54
I473,F35,54
I474,F26,54
F35,F33,54
I475,F33,54
I476,F47,54
F47,I362,54
F38,F55,54
F37,I605,54
F37,I372,54
F45,I507,54
F38,I407,54
I384,F35,53
F38,F45,53
F35,I522,53
I477,F43,52
F38,F52,52
I416,F46,52
I478,F39,52
F45,I442,52
F33,I489,52
F47,I565,52
F43,I397,51
F43,F37,51
I479,F41,51
F46,I561,51
I480,F43,50
F43,F52,50
I481,F46,50
I482,F46,50
I411,F26,50
F46,F30,50
I408,F45,50
F29,F38,50
F37,I411,50
F41,I546,50
I419,F34,49
I483,F43,49
F49,F38,49
I407,F22,49
F43,I614,49
F26,I496,49
F35,F43,48
F47,F43,48
I484,F43,48
F47,F37,48
I406,F37,48
I485,F45,48
I486,F22,48
F43,F41,48
F47,I545,48
F38,I384,48
F42,I558,48
F26,I623,48
F45,I578,48
F34,I404,48
F35,F34,47
F38,F43,47
I487,F26,47
F52,I414,47
F37,I383,47
F47,F34,46
F48,F49,46
I488,F26,46
I446,F45,46
I489,F33,46
F37,F47,46
F37,F32,46
F46,I512,46
F33,I399,46
F37,I365,46
F43,I643,46
F46,I491,46
F47,I372,46
F35,I390,46
F34,I412,46
F35,I412,46
F38,I617,46
F52,I647,46
F34,I543,46
F38,I496,46
F38,I594,46
F22,I436,46
I489,F34,45
I490,F52,45
I392,F37,45
I464,F45,45
F34,F47,45
I491,F47,45
I492,F47,45
F34,F22,45
F47,I491,45
F46,I442,45
F43,I588,45
F22,I547,45
F78,F36,44
I493,F36,44
F37,F52,44
I494,F35,44
I495,F35,44
I496,F35,44
I497,F37,44
I360,F39,44
F35,F47,44
F46,I366,44
F34,F32,44
F43,I606,44
F52,I432,44
F47,I415,44
F37,I635,44
F43,I656,44
F36,I511,44
F43,I619,44
F74,F36,43
F46,F43,43
I498,F43,43
F27,F52,43
I366,F46,43
I416,F45,43
I482,F45,43
F35,I376,43
F47,F22,43
I369,F31,43
F43,I664,43
F34,I384,43
F43,I642,43
F43,I583,43
I499,F43,42
F55,F46,42
F55,F45,42
I362,F38,42
F22,F47,42
F52,F42,42
I362,F55,42
F36,I365,42
F49,I504,42
F46,I415,42
F38,I489,42
F33,F34,41
I500,F43,41
I501,F49,41
I502,F49,41
F52,I455,41
F52,I573,41
F75,F75,41
F46,I476,41
F46,I521,41
F37,I617,41
F47,I542,41
F43,I628,41
F37,I522,41
F43,I403,40
I503,F43,40
I504,F53,40
I505,F26,40
I426,F33,40
F43,F47,40
F37,I409,40
F35,F32,40
F45,I553,40
F26,I577,40
F37,I412,40
F26,I574,40
F43,I463,40
F24,F37,39
I481,F30,39
F73,F45,39
F75,F33,39
I408,F47,39
F36,I400,39
I366,F73,39
F38,I372,39
F22,I548,39
F46,I565,39
F35,I586,39
F46,I371,39
F22,F34,38
I422,F43,38
F49,F48,38
I506,F52,38
F38,F46,38
I360,F53,38
I507,F45,38
F37,I425,38
F33,F32,38
F38,I400,38
F35,I392,38
F35,I372,38
F33,F29,38
F41,I603,38
F22,I511,38
F37,I386,38
F37,I505,38
F45,I560,38
I406,F35,37
F55,F47,37
F24,F41,37
F37,I495,37
F38,I593,37
F36,I407,37
F51,I505,37
F46,I560,37
I452,F36,36
F25,I360,36
I508,F43,36
I509,F43,36
I510,F43,36
I470,F52,36
I511,F52,36
F39,F49,36
I449,F35,36
I512,F45,36
F78,F38,36
I366,F47,36
I482,F47,36
F37,I606,36
F34,I399,36
F37,I384,36
F48,I382,36
F52,I607,36
F47,F78,36
F47,I507,36
F37,I416,36
F24,I600,36
F22,I581,36
F34,I517,36
F34,I496,36
F36,I371,36
F38,I404,36
I513,F49,35
I426,F35,35
I514,F37,35
I515,F37,35
I516,F33,35
I384,F38,35
I369,F38,35
F49,I513,35
I368,F22,35
F24,I447,35
F51,F51,35
I501,F25,35
F38,I383,35
F56,I529,35
F53,I478,35
F34,I582,35
I517,F34,34
F56,F43,34
I518,F52,34
I519,F52,34
I520,F46,34
I516,F35,34
I496,F37,34
I521,F45,34
F52,I437,34
F43,F32,34
F38,F32,34
F33,I400,34
F38,I495,34
F46,I396,34
F37,I396,34
F33,F54,34
I367,F80,34
F26,I609,34
F43,I369,34
F52,I608,34
F22,I542,34
F37,I619,34
F46,I404,34
F26,I404,34
I522,F36,33
F43,I360,33
I523,F43,33
I524,F52,33
I464,F46,33
I375,F37,33
I473,F37,33
F34,F33,33
I446,F38,33
F52,I457,33
F47,I561,33
F36,I415,33
F37,I488,33
F52,I630,33
F52,I584,33
F22,I386,33
F24,I601,33
F35,I436,33
I525,F34,32
F33,F43,32
I526,F43,32
F22,I379,32
F34,F46,32
I527,F49,32
I528,F49,32
F45,F37,32
I411,F37,32
I392,F38,32
I436,F22,32
I529,F56,32
F36,F55,32
F47,I553,32
F22,I512,32
F38,I399,32
F45,I561,32
F42,I573,32
F38,I416,32
F43,I575,32
F35,I548,32
F37,I647,32
F46,I496,32
F38,I371,32
F34,I539,32
I495,F34,31
I529,F43,31
I369,F46,31
F43,I440,31
F31,F37,31
I530,F45,31
F37,I449,31
F24,I479,31
F52,I596,31
F52,I558,31
F37,I408,31
F49,I478,31
F52,I581,31
F32,F36,30
I531,F36,30
I434,F43,30
I532,F43,30
I533,F52,30
I534,F52,30
F43,F46,30
F49,F53,30
I535,F49,30
F43,F35,30
I536,F37,30
I425,F24,30
I537,F24,30
F37,F27,30
I538,F40,30
F34,I400,30
F22,I449,30
F31,I572,30
F34,I564,30
F46,I597,30
F37,I654,30
F38,I584,30
F43,I404,30
F33,I465,30
F52,F34,29
I539,F34,29
I540,F43,29
I541,F52,29
I491,F46,29
F80,F46,29
I521,F46,29
I390,F37,29
F43,I422,29
I396,F33,29
I372,F33,29
I542,F47,29
F43,F22,29
F37,I423,29
F22,I368,29
F52,I471,29
F47,I659,29
F37,I430,29
F37,I452,29
F48,I398,29
F26,I598,29
F22,I654,29
F38,I436,29
I543,F34,28
I544,F52,28
I530,F46,28
I507,F46,28
F38,F49,28
F47,F35,28
F35,F26,28
F33,F26,28
F55,F37,28
I514,F38,28
I426,F38,28
I545,F47,28
F76,F47,28
I546,F41,28
F48,I439,28
F38,I390,28
F47,I593,28
F37,I624,28
F38,I408,28
F36,I531,28
I547,F36,27
I548,F36,27
I384,F34,27
F22,F43,27
F37,I434,27
I549,F52,27
I453,F37,27
I441,F37,27
I550,F37,27
I371,F37,27
I376,F33,27
I407,F38,27
I390,F31,27
F52,I438,27
F47,I512,27
F37,I432,27
F37,I632,27
F45,I597,27
F24,I603,27
F45,I476,27
F35,I407,27
F33,I391,27
F38,I582,27
F49,I472,27
F46,I578,27
I455,F36,26
I551,F52,26
I552,F37,26
F37,I422,26
F43,F33,26
I462,F33,26
F43,F38,26
I375,F38,26
I368,F38,26
I547,F38,26
F37,F24,26
F35,F22,26
F52,I445,26
F33,F55,26
F37,I454,26
F38,I454,26
F46,I569,26
F38,I396,26
F31,F75,26
F46,I492,26
F36,I581,26
F43,I418,26
F36,I391,26
F43,I505,26
F43,I496,26
F38,F76,26
F49,I528,26
F26,F34,25
F36,F43,25
I378,F43,25
F31,F46,25
I553,F46,25
I554,F35,25
F37,I375,25
F26,F38,25
F55,F38,25
F51,F24,25
I555,F22,25
F52,I451,25
F56,F56,25
F52,F27,25
F34,I468,25
F36,I454,25
F42,I364,25
F47,I369,25
F26,I622,25
F34,I391,25
F43,F36,24
I399,F36,24
F46,F34,24
I468,F34,24
I514,F43,24
F22,F52,24
I423,F52,24
I556,F49,24
F31,F35,24
I392,F35,24
I368,F37,24
I520,F30,24
F34,F45,24
I415,F38,24
F53,I513,24
F33,F47,24
I530,F47,24
F47,I366,24
F52,I429,24
I557,F40,24
I536,F51,24
I558,F42,24
F22,F55,24
F22,F32,24
F38,I512,24
F34,I454,24
F38,F73,24
F38,I659,24
F47,I520,24
F45,I491,24
F46,F79,24
F24,I633,24
F40,I662,24
F45,I542,24
F35,I547,24
F33,I394,24
F37,I581,24
F52,I646,24
F46,I406,24
I362,F76,24
I383,F36,23
I559,F43,23
I367,F46,23
F26,F35,23
I465,F35,23
I389,F37,23
F51,F37,23
I407,F37,23
F22,I453,23
I507,F47,23
I560,F47,23
I455,F22,23
I522,F22,23
F43,I523,23
F31,F73,23
F36,I411,23
F38,I466,23
F34,F54,23
F31,I507,23
F37,I651,23
F24,I635,23
F33,I584,23
F43,I636,23
F37,I582,23
F47,I594,23
I400,F36,22
F45,F34,22
I375,F43,22
F33,F46,22
I376,F46,22
I561,F46,22
I562,F37,22
I454,F37,22
I516,F37,22
I563,F37,22
I553,F45,22
I407,F45,22
F31,F47,22
F37,F31,22
F46,I426,22
F35,I441,22
F52,I713,22
F38,I468,22
F22,I659,22
F46,I572,22
F52,I699,22
F24,I546,22
F38,I412,22
F24,I640,22
F43,I568,22
F24,I568,22
F43,I613,22
F36,I654,22
F49,I704,22
F22,I584,22
F37,I474,22
F37,F76,22
I564,F34,21
F78,F34,21
I552,F52,21
I372,F46,21
I565,F46,21
I566,F49,21
I567,F35,21
I384,F37,21
F43,F45,21
I491,F45,21
I442,F45,21
F54,F33,21
I568,F24,21
F31,I376,21
I569,F47,21
I372,F47,21
F52,F22,21
F43,F31,21
F49,I535,21
F52,I435,21
I360,F25,21
F52,I456,21
F34,I441,21
F46,I454,21
F36,I443,21
F43,I520,21
F37,I687,21
F49,I670,21
F38,I442,21
F35,F75,21
F36,I395,21
F52,I668,21
F53,I417,21
F24,I580,21
F24,I693,21
F52,I629,21
F46,I542,21
F52,F36,20
I511,F36,20
F31,F43,20
I462,F52,20
I379,F46,20
I512,F46,20
I442,F46,20
I390,F35,20
I570,F26,20
F23,F37,20
F32,F37,20
F37,I453,20
I376,F38,20
I571,F47,20
F46,F31,20
I572,F31,20
I496,F31,20
F37,I552,20
I505,F51,20
F49,F25,20
I573,F42,20
F32,I419,20
F37,I659,20
F43,I382,20
F38,I530,20
F49,I467,20
F26,I632,20
F37,I475,20
F22,I412,20
F43,I479,20
F35,I493,20
F52,I550,20
F34,F75,20
F52,I724,20
F47,I602,20
F37,I446,20
F49,I650,20
F26,I654,20
F37,I489,20
F34,I394,20
F37,I525,20
I365,F36,19
I400,F34,19
I412,F34,19
F49,F43,19
F34,F52,19
I401,F46,19
I574,F26,19
I547,F37,19
F37,F45,19
F43,I375,19
F36,F33,19
F47,F33,19
I454,F38,19
I399,F38,19
I565,F47,19
F52,I462,19
I406,F31,19
F37,I368,19
F37,I497,19
F38,I441,19
F47,I396,19
F52,I700,19
F41,I692,19
F37,F75,19
F47,I485,19
F52,I645,19
F34,I473,19
F43,I536,19
F46,I576,19
F52,I735,19
F45,I565,19
F33,F36,18
F38,I360,18
I362,F43,18
I575,F43,18
F36,F46,18
I492,F46,18
I476,F46,18
I542,F46,18
I576,F46,18
I577,F26,18
I400,F37,18
F22,F45,18
I578,F45,18
F46,I367,18
F38,I375,18
F22,F33,18
F29,F33,18
I579,F33,18
I367,F38,18
I387,F38,18
I580,F24,18
F78,F47,18
I521,F47,18
F45,F22,18
I384,F22,18
I581,F22,18
F35,F31,18
F35,I368,18
F38,I368,18
F36,I424,18
F52,I562,18
F34,I555,18
F37,I466,18
F24,I687,18
F38,I464,18
F47,I481,18
F53,I566,18
F22,I493,18
F38,F80,18
F40,I634,18
F34,I609,18
F37,I609,18
F37,I487,18
F33,I617,18
F52,I726,18
F34,I446,18
F49,I672,18
F33,I473,18
F34,I563,18
F24,I648,18
F40,I678,18
F33,F76,18
F34,I604,18
F38,I539,18
F26,F36,17
I453,F36,17
F47,F36,17
I443,F36,17
F31,F34,17
I582,F34,17
F45,F43,17
I425,F43,17
I583,F43,17
I584,F52,17
I375,F46,17
I585,F49,17
I522,F35,17
I586,F35,17
I412,F37,17
F49,F39,17
F46,F33,17
I466,F38,17
I464,F38,17
I539,F38,17
F37,I514,17
I376,F31,17
F43,I508,17
F43,F56,17
F31,I426,17
F36,I495,17
F46,I659,17
F35,F29,17
F46,I390,17
F34,I567,17
F33,I567,17
F35,I609,17
F36,I369,17
F43,I603,17
F48,I417,17
F52,I620,17
F38,I482,17
F43,I431,17
F38,I386,17
F52,I684,17
F34,F43,16
I587,F43,16
I588,F43,16
I589,F52,16
I590,F52,16
I591,F52,16
I581,F52,16
I592,F49,16
I383,F37,16
I399,F37,16
I365,F37,16
I372,F37,16
I408,F37,16
F45,F30,16
F47,F30,16
I542,F45,16
I593,F38,16
I594,F38,16
I587,F24,16
F36,F47,16
I415,F47,16
I547,F22,16
F38,I462,16
F80,I366,16
F52,I552,16
I366,F55,16
F37,I424,16
F36,I494,16
F37,I494,16
I362,F73,16
F43,I481,16
F34,I475,16
F49,I671,16
F36,I550,16
F36,F54,16
F55,F79,16
F47,I626,16
F38,I492,16
F45,I602,16
F33,I408,16
F52,I654,16
F43,I565,16
F33,I594,16
F34,I371,16
F47,I371,16
I543,F36,15
I380,F43,15
I367,F43,15
F51,F43,15
I385,F43,15
F53,F48,15
I453,F52,15
I409,F52,15
I595,F52,15
I596,F52,15
I597,F46,15
I513,F53,15
F46,F35,15
F75,F35,15
I436,F35,15
I598,F26,15
I387,F37,15
I493,F37,15
I415,F37,15
I489,F37,15
F26,F33,15
I495,F33,15
I404,F33,15
I468,F38,15
I372,F38,15
I584,F38,15
I599,F24,15
I600,F24,15
I601,F24,15
I602,F47,15
F33,F22,15
I542,F22,15
I603,F41,15
F38,I362,15
I375,F27,15
F34,I494,15
F34,I562,15
F37,F73,15
F48,I502,15
I362,F78,15
F34,I390,15
F35,I415,15
F38,I651,15
F22,I617,15
F43,I640,15
F38,F74,15
F37,I542,15
F31,I489,15
F24,I536,15
F43,I563,15
F52,I649,15
F52,I685,15
F43,I560,15
F47,I404,15
F47,I625,15
I371,F36,14
I547,F34,14
I604,F34,14
I605,F43,14
I606,F43,14
F43,I434,14
I432,F52,14
I607,F52,14
I608,F52,14
F35,F46,14
I560,F46,14
I478,F49,14
F46,I401,14
F22,F35,14
I368,F35,14
F29,F35,14
I609,F26,14
I362,F37,14
I456,F37,14
I495,F37,14
I465,F37,14
F35,F45,14
I602,F45,14
I560,F45,14
F53,F38,14
F24,F38,14
I366,F38,14
I390,F38,14
I442,F38,14
I489,F38,14
I610,F24,14
I611,F24,14
I546,F24,14
F33,I376,14
F52,F47,14
I597,F47,14
I362,F22,14
I512,F22,14
I515,F22,14
I511,F22,14
F52,I423,14
F43,I362,14
F43,I366,14
F52,I541,14
I612,F40,14
F52,F55,14
F37,I468,14
F33,I468,14
F33,I384,14
F76,F73,14
F33,I659,14
F76,I464,14
F35,I641,14
F43,I372,14
F37,F78,14
F38,F79,14
I401,F80,14
F34,I415,14
F33,I507,14
F38,I597,14
F47,I597,14
F46,I626,14
F37,I395,14
F38,I417,14
F46,I485,14
F38,I515,14
F36,I473,14
F34,I548,14
F34,I406,14
F38,I391,14
F22,I565,14
F37,I560,14
F35,F76,14
F37,I586,14
F38,I465,14
I454,F34,13
I399,F34,13
I366,F43,13
I613,F43,13
I614,F43,13
I502,F48,13
F36,F52,13
I615,F52,13
F23,F46,13
I616,F49,13
F33,I401,13
I372,F35,13
F38,F26,13
I452,F37,13
I416,F37,13
F27,I375,13
I399,F33,13
I617,F38,13
I386,F38,13
I582,F38,13
F26,I376,13
I512,F47,13
F33,I462,13
F22,I362,13
I618,F25,13
F24,I425,13
F38,I424,13
F47,I426,13
F45,I545,13
F34,I512,13
F43,I633,13
F38,F75,13
F45,I492,13
F24,I689,13
F24,I639,13
F38,I551,13
F38,I548,13
F43,I635,13
F37,I394,13
F33,I536,13
F52,I784,13
F43,I601,13
F46,F36,12
I494,F36,12
I411,F36,12
I369,F36,12
F75,F34,12
F48,F43,12
I447,F43,12
F32,F43,12
I418,F43,12
I619,F43,12
F56,I397,12
I379,F52,12
I620,F52,12
I578,F46,12
I621,F49,12
F52,I675,12
F38,I675,12
I609,F35,12
I376,F26,12
I622,F26,12
I623,F26,12
I496,F26,12
F49,F37,12
I605,F37,12
I494,F37,12
I606,F37,12
F78,F37,12
I624,F37,12
I614,F37,12
I505,F37,12
F43,F30,12
I597,F45,12
I576,F45,12
I625,F45,12
F38,I367,12
I400,F33,12
I567,F33,12
I496,F33,12
I400,F38,12
I512,F38,12
I416,F38,12
I361,F24,12
F43,I514,12
F43,I376,12
F46,I376,12
F30,F47,12
I553,F47,12
I626,F47,12
I548,F22,12
I404,F22,12
F47,F31,12
F37,I366,12
F52,I549,12
F24,F51,12
F24,I587,12
F53,I737,12
F35,I383,12
F34,I424,12
F38,I553,12
F49,I618,12
F37,I676,12
F36,I468,12
F33,I449,12
F35,I419,12
F38,I419,12
F33,I495,12
F38,I443,12
F46,I365,12
F37,I530,12
F43,I687,12
F38,I516,12
F34,I430,12
F43,I464,12
F36,I392,12
F33,I392,12
F37,I572,12
F30,I372,12
F47,I390,12
F31,I561,12
F37,I493,12
F37,F54,12
F32,F79,12
F37,I448,12
F43,F80,12
F55,F80,12
F30,I529,12
F26,I567,12
F37,I567,12
F43,I692,12
F22,I597,12
F46,I593,12
F38,I364,12
F26,I369,12
F37,I533,12
F37,I417,12
F38,I624,12
F43,I407,12
F43,I697,12
F22,I602,12
F22,I551,12
F80,I542,12
F37,I519,12
F38,I490,12
F78,I547,12
F37,I719,12
F37,I469,12
F38,I469,12
F52,I488,12
F37,I548,12
F52,I661,12
F34,I482,12
F48,I556,12
F35,I574,12
F34,I386,12
F45,I576,12
F38,I406,12
F52,I658,12
F24,I505,12
F37,I623,12
F43,F76,12
F31,F76,12
F35,I371,12
F45,F36,11
F23,F36,11
I407,F36,11
I563,F36,11
F26,F43,11
I627,F43,11
F40,F43,11
I628,F43,11
I382,F48,11
I556,F48,11
I573,F52,11
I629,F52,11
I630,F52,11
I360,F46,11
I572,F46,11
F48,F53,11
F43,F49,11
F37,F49,11
I631,F49,11
I417,F49,11
I412,F35,11
I366,F37,11
I435,F37,11
I587,F37,11
I396,F37,11
I632,F37,11
I475,F37,11
F54,F37,11
I597,F37,11
I487,F37,11
I533,F37,11
I617,F37,11
F43,I367,11
F37,I389,11
I584,F33,11
F27,F38,11
F32,F38,11
I553,F38,11
F73,F38,11
I365,F38,11
I487,F38,11
I408,F38,11
I633,F24,11
I401,F47,11
I493,F22,11
F34,F31,11
F55,I362,11
F76,I362,11
F38,I366,11
I634,F40,11
F37,I456,11
F52,I409,11
F52,I383,11
F48,I501,11
F37,I443,11
F36,I641,11
F33,I572,11
F30,I491,11
F53,I671,11
F48,I566,11
F34,I493,11
F37,I597,11
F22,I416,11
F25,I398,11
F43,I600,11
F52,I702,11
F46,I594,11
F37,I594,11
F38,I421,11
I454,F36,1
I415,F36,1
I376,F34,1
I494,F34,1
I609,F34,1
I369,F34,1
I376,F43,1
I479,F43,1
I635,F43,1
I636,F43,1
I398,F48,1
I558,F52,1
I371,F46,1
F38,F53,1
I618,F49,1
I360,F37,1
I447,F37,1
I430,F37,1
I386,F37,1
I525,F37,1
F37,F30,1
I529,F30,1
F36,F45,1
I476,F45,1
F53,F39,1
F45,I367,1
F45,F33,1
I468,F33,1
I572,F33,1
F23,F38,1
I383,F38,1
I424,F38,1
I525,F38,1
I406,F38,1
I371,F38,1
I404,F38,1
I637,F38,1
I627,F24,1
I638,F24,1
I479,F24,1
I603,F24,1
I639,F24,1
I640,F24,1
F38,I514,1
I561,F47,1
I594,F47,1
I625,F47,1
I514,F22,1
I462,F22,1
I552,F22,1
I445,F22,1
I425,F22,1
F76,I366,1
F49,I585,1
F37,I435,1
F43,I587,1
F49,F55,1
F38,I545,1
F33,I494,1
F43,I400,1
F32,I400,1
F37,I512,1
F38,I449,1
F47,I454,1
F32,I454,1
F47,I384,1
F55,I384,1
F32,I384,1
F32,I495,1
F37,I555,1
F47,I365,1
F33,I411,1
F37,I720,1
F36,I466,1
F34,I516,1
F30,I464,1
F35,F78,1
F47,F29,1
F37,I707,1
F38,F54,1
F45,I415,1
F78,I415,1
F52,I667,1
F38,I507,1
F22,F75,1
F34,I597,1
F33,I593,1
F38,I626,1
F38,I395,1
F43,I537,1
F47,I617,1
F34,I407,1
F33,I407,1
F43,I639,1
F51,I639,1
F76,I408,1
F48,I527,1
F46,I486,1
F38,I542,1
F35,I719,1
F55,I446,1
F34,I488,1
F38,I473,1
F55,I482,1
F45,I489,1
F31,I536,1
F33,I386,1
F46,I563,1
F36,I543,1
F43,I734,1
F34,I474,1
F35,I474,1
F26,I674,1
F35,I623,1
F36,I496,1
F47,I496,1
F55,F76,1
F45,I625,1
F34,I465,1
F36,I539,1
I641,F36,1
I392,F36,1
I395,F36,1
I391,F36,1
I539,F36,1
I473,F34,1
I404,F34,1
I423,F43,1
I642,F43,1
I643,F43,1
I505,F43,1
F39,F48,1
F43,I380,1
I644,F52,1
I645,F52,1
I646,F52,1
I425,F46,1
I454,F46,1
I399,F46,1
I415,F46,1
I493,F35,1
I548,F35,1
F34,F26,1
F48,F37,1
I367,F37,1
I432,F37,1
I567,F37,1
I488,F37,1
I647,F37,1
I582,F37,1
I366,F30,1
I561,F45,1
F37,F39,1
F36,I453,1
F52,F33,1
F53,F33,1
I368,F33,1
F32,F33,1
I380,F38,1
I495,F38,1
I496,F38,1
I421,F38,1
F38,I387,1
F38,F24,1
I648,F24,1
I514,F47,1
I454,F47,1
F22,I462,1
F52,I524,1
I552,F27,1
F36,I455,1
F46,I400,1
F33,I419,1
F43,I569,1
F25,I382,1
F47,I484,1
F35,I430,1
F43,I688,1
F46,I392,1
F29,I392,1
F52,I742,1
F35,I632,1
F45,I372,1
F46,F54,1
I442,F80,1
F38,I487,1
F42,I458,1
F43,I416,1
F36,I544,1
F22,I544,1
F43,I693,1
F37,I486,1
F35,I446,1
F36,I394,1
F36,I574,1
F52,I785,1
F38,I647,1
F43,I718,1
F38,I543,1
F24,I722,1
F33,I582,1
F35,I505,1
F80,I565,1
F37,I393,1
F49,I616,1
I555,F36,1
I466,F36,1
F37,I360,1
I375,F34,1
I497,F34,1
F55,F34,1
I493,F34,1
I563,F34,1
I368,F43,1
I520,F43,1
I536,F43,1
F37,F48,1
I439,F48,1
I417,F48,1
F46,I379,1
I547,F52,1
I649,F52,1
F52,F46,1
I569,F46,1
F79,F46,1
I485,F46,1
I602,F46,1
I625,F46,1
F52,F53,1
I552,F49,1
I650,F49,1
I441,F35,1
I547,F35,1
I462,F37,1
I468,F37,1
I443,F37,1
F75,F37,1
I651,F37,1
I446,F37,1
I394,F37,1
F33,F30,1
I491,F30,1
I507,F30,1
I367,F45,1
I492,F45,1
F48,F39,1
I494,F33,1
I394,F33,1
I652,F33,1
I379,F38,1
F39,F38,1
I419,F38,1
I530,F38,1
I412,F38,1
F79,F38,1
F75,F38,1
I542,F38,1
I554,F24,1
I653,F24,1
I635,F24,1
F34,I514,1
F38,I376,1
F51,I376,1
I485,F47,1
I376,F22,1
I449,F22,1
I654,F22,1
F52,F31,1
F75,F31,1
F37,I362,1
F73,I366,1
F43,F40,1
F38,I425,1
F35,F55,1
F31,F55,1
F46,F32,1
F31,F32,1
F43,I730,1
F43,I768,1
F33,I383,1
F37,I553,1
F80,I512,1
F36,I713,1
F22,I676,1
F34,I449,1
F55,I454,1
F46,I399,1
F22,I399,1
F32,I399,1
F26,I384,1
F37,I419,1
F22,I419,1
F35,F73,1
I464,F73,1
F35,I365,1
F38,I365,1
F38,I411,1
F43,I720,1
F34,I396,1
F35,I396,1
F22,I530,1
F45,I520,1
F38,I432,1
F22,I464,1
F24,I641,1
F37,I688,1
F38,I572,1
F52,I666,1
F35,I673,1
F34,I372,1
F55,I372,1
F52,I707,1
F43,I546,1
F35,I475,1
F47,I475,1
F38,I561,1
F37,I700,1
F38,I550,1
F45,F79,1
F37,F80,1
F30,I507,1
F33,I452,1
F47,I452,1
F46,F75,1
F55,I597,1
F43,I364,1
F37,I364,1
F34,I487,1
F45,I626,1
F45,I571,1
F55,I571,1
F55,I416,1
F33,I651,1
F47,I651,1
F46,I617,1
F40,I732,1
F43,I689,1
F38,I485,1
F37,I385,1
F46,I602,1
F38,I602,1
F43,I534,1
F37,I534,1
F55,I408,1
F33,I551,1
F38,I519,1
F36,I515,1
F37,I490,1
F38,I506,1
F52,I547,1
F46,I547,1
F36,I469,1
F30,I614,1
F38,I614,1
F33,I446,1
F41,I708,1
F24,I622,1
F22,I482,1
F52,I710,1
F34,I635,1
F37,I584,1
F37,I574,1
F22,I574,1
F37,I511,1
F38,I536,1
F38,I563,1
F47,I563,1
F35,I525,1
F33,I525,1
F38,I525,1
F34,I647,1
F37,I543,1
F47,I406,1
F52,I772,1
F38,I517,1
F33,I474,1
F34,I685,1
F24,I690,1
F34,I674,1
F22,I496,1
F37,I565,1
F73,F76,1
F46,I522,1
F31,I404,1
F37,I436,1
I495,F36,1
I654,F36,1
F46,I360,1
I387,F34,1
I391,F34,1
I371,F34,1
I655,F34,1
F53,F43,1
I387,F43,1
I611,F43,1
I400,F43,1
I633,F43,1
I656,F43,1
I513,F48,1
F45,F52,1
F33,F52,1
I657,F52,1
I647,F52,1
I658,F52,1
F49,F46,1
I659,F46,1
I626,F46,1
F24,I361,1
F46,F49,1
I541,F35,1
F32,F35,1
I574,F35,1
I505,F35,1
I627,F37,1
I449,F37,1
I659,F37,1
I466,F37,1
I448,F37,1
I548,F37,1
I543,F37,1
I474,F37,1
F52,F45,1
F79,F45,1
F52,I453,1
F55,F33,1
I473,F33,1
I391,F33,1
F48,F38,1
I425,F38,1
I492,F38,1
I651,F38,1
F74,F38,1
I482,F38,1
I436,F38,1
F43,I387,1
I389,F24,1
I505,F24,1
I360,F47,1
I660,F47,1
I659,F47,1
I369,F47,1
I412,F22,1
I386,F22,1
I380,F31,1
F30,I366,1
F26,I570,1
F24,I599,1
F43,I610,1
F35,I554,1
I661,F27,1
F26,I497,1
I662,F40,1
F43,F51,1
F22,I455,1
F52,I590,1
F22,I409,1
F43,I425,1
F36,I709,1
F34,I709,1
F37,I709,1
F49,I737,1
F48,I618,1
F43,I441,1
F47,I441,1
F27,I713,1
F52,I786,1
F45,I454,1
F74,I384,1
F33,F73,1
F52,I740,1
F46,F78,1
I426,F29,1
F74,I493,1
F24,I692,1
F49,I774,1
F30,F75,1
F43,I593,1
F22,I369,1
F54,I369,1
F43,I668,1
F26,I701,1
F35,I486,1
F37,I510,1
F24,I503,1
F52,I787,1
F43,I710,1
F35,I489,1
F26,I649,1
F24,I712,1
F37,I674,1
F47,I578,1
I408,F76,1
F38,I522,1
F33,I652,1
F43,I371,1
F34,I637,1
F34,I655,1
I375,F36,1
F31,F36,1
I445,F36,1
I409,F36,1
F54,F36,1
I574,F36,1
F47,I360,1
F43,F34,1
I425,F34,1
I441,F34,1
F30,F43,1
I663,F43,1
I599,F43,1
I414,F43,1
I653,F43,1
I664,F43,1
I568,F43,1
F43,I379,1
F38,I380,1
I360,F52,1
F35,F52,1
I665,F52,1
I666,F52,1
I667,F52,1
I668,F52,1
I488,F52,1
I426,F46,1
I617,F46,1
I486,F46,1
I406,F46,1
I496,F46,1
I669,F46,1
F39,F53,1
I478,F53,1
I504,F49,1
I670,F49,1
I671,F49,1
I672,F49,1
F47,I401,1
F22,I401,1
F43,I675,1
F52,F35,1
I673,F35,1
I654,F35,1
I525,F35,1
I531,F35,1
F76,F35,1
I539,F35,1
F36,F26,1
F31,F26,1
I674,F26,1
I401,F37,1
I675,F37,1
F39,F37,1
I549,F37,1
I424,F37,1
I676,F37,1
I419,F37,1
I555,F37,1
I572,F37,1
F74,F37,1
I469,F37,1
I635,F37,1
I623,F37,1
I586,F37,1
I421,F37,1
F48,F45,1
F33,F45,1
I454,F45,1
I569,F45,1
I377,F45,1
I565,F45,1
I677,F39,1
F37,I367,1
F22,I375,1
I423,F33,1
I409,F33,1
I452,F33,1
I593,F33,1
I446,F33,1
I563,F33,1
I582,F33,1
I465,F33,1
I434,F38,1
I675,F38,1
I453,F38,1
I423,F38,1
I552,F38,1
F42,F38,1
F54,F38,1
F80,F38,1
I597,F38,1
I602,F38,1
I517,F38,1
F76,F38,1
I625,F38,1
F46,I513,1
I536,F24,1
F22,I514,1
F34,I376,1
F49,F22,1
I401,F22,1
F26,F22,1
I375,F22,1
I419,F22,1
I651,F22,1
I584,F22,1
F37,I462,1
I489,F31,1
F33,I368,1
F27,I552,1
F24,I627,1
F24,I610,1
F43,I680,1
F24,I611,1
I678,F40,1
F37,F51,1
I639,F51,1
F35,I456,1
I364,F42,1
F46,I425,1
F22,I425,1
I360,F55,1
F52,F32,1
F47,I660,1
F47,I709,1
F43,I737,1
F53,I730,1
F46,I383,1
F29,I441,1
F38,I494,1
F47,I400,1
F31,I606,1
F26,I562,1
F46,I676,1
F47,I449,1
F31,I399,1
F55,I495,1
I512,F73,1
F52,I659,1
F36,I555,1
F38,I555,1
F43,I365,1
F52,I365,1
F45,I569,1
F22,I569,1
F34,I411,1
F43,I411,1
F52,I720,1
F55,I466,1
F38,I520,1
F31,I520,1
F43,I432,1
F43,I430,1
F37,I464,1
F53,I439,1
F47,I392,1
F37,I481,1
F38,I481,1
F76,I491,1
F36,I666,1
I454,F78,1
I384,F78,1
F46,F29,1
F22,F29,1
I443,F29,1
F34,I442,1
F37,I442,1
F36,I577,1
F33,I412,1
F38,I493,1
F22,F54,1
I394,F54,1
F34,F79,1
F38,I448,1
F33,F80,1
F22,F80,1
I521,F80,1
F46,I529,1
F33,I415,1
F34,I452,1
F52,I696,1
F22,I593,1
F52,I487,1
F32,I369,1
F52,I651,1
F34,I395,1
F35,I395,1
F35,I533,1
F38,I533,1
F47,I624,1
F24,I725,1
F56,I575,1
F37,I580,1
F55,I407,1
F25,I715,1
F38,I691,1
F47,I691,1
F35,I705,1
F37,I640,1
F26,I534,1
F37,I701,1
F37,I693,1
F37,F74,1
F32,F74,1
F36,I551,1
F37,I503,1
F35,I614,1
F31,I614,1
F37,I694,1
F43,I788,1
F37,I788,1
F47,I548,1
F37,I622,1
F43,I482,1
F52,I727,1
F22,I489,1
F26,I394,1
F38,I394,1
F54,I394,1
F38,I478,1
F34,I574,1
F37,I591,1
F37,I463,1
F38,I511,1
F26,I581,1
F47,I386,1
F36,I563,1
F35,I563,1
F33,I563,1
F43,I648,1
F43,I647,1
F46,I377,1
F38,I711,1
F35,I531,1
F35,I646,1
F40,I646,1
F33,I619,1
F37,I517,1
F33,I505,1
F31,I505,1
F43,I690,1
F35,I690,1
F38,I565,1
F55,I565,1
F34,I560,1
F34,I522,1
F36,I586,1
F33,I586,1
F22,I594,1
F46,I625,1
F43,I465,1
F34,I436,1
F33,I436,1
F32,I436,1
F35,I393,1
F38,I393,1
F37,I421,1
F38,I637,1
F35,I539,1
F37,I655,1
F46,I669,1
I360,F36,1
F24,F36,1
I462,F36,1
I362,F36,1
I552,F36,1
I554,F36,1
F55,F36,1
I468,F36,1
I550,F36,1
F45,I360,1
I360,F34,1
I423,F34,1
F54,F34,1
I407,F34,1
I386,F34,1
I679,F43,1
I680,F43,1
I554,F43,1
F27,F43,1
I640,F43,1
I463,F43,1
I404,F43,1
F43,F48,1
F45,F48,1
F38,F48,1
I681,F48,1
F52,I379,1
F45,I379,1
F38,I379,1
I682,F52,1
F47,F52,1
I683,F52,1
I654,F52,1
I684,F52,1
I685,F52,1
I497,F46,1
I396,F46,1
I489,F46,1
I404,F46,1
F37,F53,1
I375,F53,1
F34,F49,1
I686,F49,1
I472,F49,1
F45,I401,1
I375,F35,1
I383,F35,1
I419,F35,1
I443,F35,1
I365,F35,1
F78,F35,1
I407,F35,1
F43,F26,1
F46,F26,1
I456,F26,1
I426,F26,1
I632,F26,1
I465,F26,1
I682,F37,1
F42,F37,1
I687,F37,1
I688,F37,1
I442,F37,1
I542,F37,1
I510,F37,1
I519,F37,1
I581,F37,1
I565,F37,1
I522,F37,1
I655,F37,1
F24,F30,1
I464,F30,1
I614,F30,1
I379,F45,1
I401,F45,1
F31,F45,1
F38,F39,1
F22,I389,1
I380,F33,1
F24,F33,1
I419,F33,1
I651,F33,1
I525,F33,1
I554,F38,1
I445,F38,1
I441,F38,1
I443,F38,1
I493,F38,1
I469,F38,1
I563,F38,1
I647,F38,1
F48,I513,1
F35,I387,1
F35,F24,1
F33,F24,1
I689,F24,1
I690,F24,1
F36,I514,1
F49,I514,1
F52,I682,1
F47,I376,1
I375,F47,1
I593,F47,1
I624,F47,1
I691,F47,1
F55,F22,1
F32,F22,1
I597,F22,1
I617,F22,1
I574,F22,1
I692,F41,1
F43,I423,1
F36,F31,1
F32,F31,1
I507,F31,1
F38,I552,1
F49,I706,1
F37,I570,1
F38,I451,1
F43,I627,1
F49,I414,1
F43,I447,1
F52,I589,1
F43,I611,1
F43,I554,1
F38,F27,1
F46,I497,1
F22,I445,1
F26,I455,1
F53,I767,1
F47,I424,1
F36,I426,1
F29,I426,1
F75,I441,1
F36,I512,1
F54,I495,1
F43,F73,1
F22,F73,1
I372,F73,1
I407,F73,1
I482,F73,1
F55,I569,1
F33,I430,1
F73,I464,1
F56,I688,1
I424,F78,1
I399,F29,1
F43,I707,1
F26,I700,1
F46,I550,1
I489,F54,1
F36,F79,1
I464,F80,1
F36,F75,1
I390,F75,1
F80,I476,1
F37,I724,1
F46,I417,1
F33,I624,1
F40,I789,1
F80,I407,1
F35,I408,1
F34,I693,1
F36,I542,1
F78,I542,1
F45,I547,1
F49,I694,1
F35,I654,1
F36,I482,1
F37,I482,1
F43,I760,1
F25,I704,1
F35,I511,1
F43,I581,1
F43,I406,1
F56,I619,1
F80,I560,1
F35,I637,1
I424,F36,1
I426,F36,1
I567,F36,1
I519,F36,1
I469,F36,1
I586,F36,1
F52,I360,1
F48,F34,1
I379,F34,1
I366,F34,1
F32,F34,1
I424,F34,1
I396,F34,1
I372,F34,1
I567,F34,1
I571,F34,1
I602,F34,1
I693,F34,1
I490,F34,1
I694,F34,1
I482,F34,1
I394,F34,1
I531,F34,1
I685,F34,1
I522,F34,1
I652,F34,1
I637,F34,1
I695,F43,1
I610,F43,1
I438,F43,1
I657,F43,1
I688,F43,1
I696,F43,1
I369,F43,1
I603,F43,1
I697,F43,1
I431,F43,1
I615,F43,1
I601,F43,1
I496,F43,1
I560,F43,1
F76,F43,1
F34,I434,1
F30,I397,1
I552,F48,1
F25,F48,1
I618,F48,1
I528,F48,1
F31,I380,1
F46,F52,1
I514,F52,1
I698,F52,1
F55,F52,1
I699,F52,1
I700,F52,1
I701,F52,1
I661,F52,1
I702,F52,1
F26,F46,1
I422,F46,1
I541,F46,1
I400,F46,1
I606,F46,1
I676,F46,1
I411,F46,1
I632,F46,1
F29,F46,1
F75,F46,1
F43,F53,1
I423,F53,1
I703,F53,1
I514,F49,1
I467,F49,1
I704,F49,1
F43,I401,1
F37,I401,1
F80,I401,1
F45,F35,1
I453,F35,1
I387,F35,1
F24,F35,1
F23,F35,1
I497,F35,1
I455,F35,1
I456,F35,1
I705,F35,1
I542,F35,1
I563,F35,1
I371,F35,1
I579,F35,1
I637,F35,1
I453,F26,1
I549,F26,1
F29,F26,1
I418,F26,1
I404,F26,1
F30,F37,1
I513,F37,1
I706,F37,1
I445,F37,1
I595,F37,1
I707,F37,1
I700,F37,1
F80,F37,1
I529,F37,1
I395,F37,1
I693,F37,1
I486,F37,1
I574,F37,1
I625,F37,1
F36,F30,1
I389,F30,1
F38,F30,1
F22,F30,1
I689,F30,1
I408,F30,1
I526,F30,1
I708,F30,1
I545,F45,1
F46,I375,1
F47,I375,1
I362,F33,1
I659,F33,1
I415,F33,1
I551,F33,1
I547,F33,1
I361,F38,1
I524,F38,1
I541,F38,1
I497,F38,1
F40,F38,1
I455,F38,1
I657,F38,1
I709,F38,1
I449,F38,1
I659,F38,1
I475,F38,1
I507,F38,1
I395,F38,1
I485,F38,1
I551,F38,1
I515,F38,1
I490,F38,1
I506,F38,1
I710,F38,1
I543,F38,1
I711,F38,1
I465,F38,1
I687,F24,1
I712,F24,1
F46,I514,1
F33,I514,1
F43,I682,1
I682,F47,1
F23,F47,1
I425,F47,1
I709,F47,1
I400,F47,1
I468,F47,1
I384,F47,1
I396,F47,1
I390,F47,1
I475,F47,1
I486,F47,1
I582,F47,1
I652,F47,1
I579,F47,1
I360,F22,1
F31,F22,1
I409,F22,1
I411,F22,1
F45,F31,1
I426,F31,1
I536,F31,1
F73,I362,1
F34,I368,1
F43,I368,1
F43,I552,1
F49,I621,1
F40,I541,1
F43,I653,1
I713,F27,1
F33,I497,1
F38,I445,1
F38,F40,1
I714,F40,1
I376,F51,1
F37,I455,1
F48,F25,1
I715,F25,1
F36,I409,1
F37,F42,1
F38,F42,1
F52,I595,1
F45,I425,1
I401,F55,1
F24,F55,1
I376,F55,1
F24,F32,1
I514,F32,1
F43,I770,1
F53,I770,1
F43,I773,1
F52,I773,1
F53,I773,1
F52,I730,1
F38,I730,1
F48,I768,1
F22,I768,1
F34,I383,1
F55,I383,1
F46,I424,1
F35,I424,1
F33,I553,1
F73,I553,1
F34,I545,1
F46,I545,1
F22,I545,1
F34,I605,1
F46,I605,1
F30,I605,1
F24,I605,1
F46,I441,1
F47,I494,1
F22,I494,1
F78,I494,1
F30,I400,1
F36,I606,1
F34,I606,1
F46,I606,1
F38,I606,1
F35,I512,1
F30,I512,1
F35,I562,1
F37,I713,1
F53,I703,1
F49,I703,1
F22,I468,1
F75,I468,1
F43,I449,1
F46,I449,1
F26,I399,1
F55,I399,1
F31,I419,1
F55,F73,1
I553,F73,1
F79,F73,1
F35,I659,1
F45,I659,1
F47,I555,1
F32,I555,1
F35,I443,1
F36,I569,1
F80,I569,1
F46,I411,1
F47,I411,1
F36,I396,1
F43,I396,1
F37,I382,1
F38,I382,1
F43,I530,1
F80,I530,1
F37,I484,1
F37,I520,1
F34,I687,1
F26,I516,1
F46,I432,1
F52,I464,1
F31,I464,1
F80,I464,1
F43,I439,1
F43,I641,1
F39,I504,1
F52,I741,1
F76,I572,1
F56,I481,1
F55,I491,1
F40,I673,1
F38,I564,1
F55,I564,1
F32,I564,1
F43,F78,1
F33,F78,1
I368,F78,1
I371,F78,1
F43,I402,1
F55,F29,1
F52,I390,1
F32,I390,1
F22,I475,1
F55,I475,1
F36,I442,1
F43,I442,1
F55,I442,1
F80,I442,1
F38,I671,1
F43,I577,1
F52,I577,1
F37,I577,1
F22,I577,1
F47,I412,1
F43,I566,1
F37,I566,1
F25,I566,1
F36,I561,1
F37,I561,1
F37,I573,1
F32,I493,1
F22,I550,1
F43,F54,1
F30,F54,1
I400,F54,1
I419,F54,1
F37,F79,1
I512,F80,1
I530,F80,1
F37,I529,1
F55,I415,1
F36,I567,1
F47,I567,1
F36,I667,1
F37,I777,1
F34,I507,1
F55,I507,1
F43,I452,1
F26,I452,1
F38,I452,1
F22,I452,1
F31,I452,1
F43,I696,1
F47,F75,1
F38,I461,1
F36,I597,1
F80,I597,1
F45,I593,1
F36,I364,1
F33,I609,1
F38,I609,1
F36,I487,1
F35,I487,1
F22,I487,1
F30,I626,1
F80,I626,1
F37,I492,1
F43,I596,1
F46,I571,1
F55,I369,1
F75,I369,1
F34,I416,1
F22,I651,1
F43,I363,1
F52,I395,1
F38,I518,1
F26,I533,1
F47,I724,1
F26,I544,1
F22,I521,1
F55,I521,1
F52,I417,1
F34,I617,1
F43,I617,1
F45,I617,1
F30,I689,1
F22,I624,1
F36,I459,1
F43,I725,1
F30,I575,1
F52,I790,1
F43,I580,1
F52,I407,1
F38,I385,1
F45,I705,1
F43,I726,1
F46,I534,1
F43,I408,1
F30,I408,1
F22,I408,1
F31,I408,1
F43,I527,1
F22,F74,1
F55,F74,1
I384,F74,1
I495,F74,1
F36,I486,1
F33,I486,1
F78,I486,1
F37,I551,1
F35,I542,1
F34,I510,1
F46,I510,1
F36,I519,1
F34,I519,1
F35,I519,1
F52,I515,1
F46,I515,1
F33,I515,1
F47,I515,1
F34,I490,1
F22,I490,1
F38,I460,1
F22,I460,1
F55,I547,1
F31,I503,1
F26,I719,1
F43,I469,1
F30,I526,1
F47,I526,1
F47,I614,1
F36,I446,1
F43,I446,1
F52,I446,1
F22,I446,1
F37,I708,1
F30,I708,1
F48,I672,1
F53,I672,1
F43,I473,1
F46,I473,1
F43,I791,1
F37,I661,1
F38,I661,1
F27,I661,1
F33,I482,1
F76,I482,1
F25,I556,1
F27,I727,1
F47,I710,1
F33,I704,1
F46,I489,1
F36,I584,1
F43,I584,1
F43,I792,1
F36,I591,1
F43,I591,1
F46,I591,1
F36,I463,1
F34,I463,1
F37,I431,1
F55,I431,1
F43,I511,1
F36,I536,1
F34,I536,1
F35,I536,1
F26,I536,1
F26,I418,1
F55,I418,1
F52,I378,1
F41,I378,1
F52,I563,1
F34,I377,1
F45,I377,1
F55,I377,1
F45,I543,1
F22,I543,1
F55,I543,1
F34,I531,1
F22,I531,1
F37,I649,1
F43,I712,1
F30,I712,1
F34,I619,1
F31,I619,1
F47,I391,1
F31,I391,1
F32,I391,1
F52,I745,1
F43,I615,1
F43,I474,1
F46,I582,1
F47,I582,1
F43,I735,1
F26,I685,1
F36,I505,1
F34,I505,1
F32,I505,1
F37,I758,1
F38,I756,1
F55,I496,1
F32,I496,1
F43,I472,1
F52,I560,1
F33,I560,1
F38,I560,1
F37,I578,1
I367,F76,1
F43,I522,1
F33,I522,1
F47,I522,1
F47,I652,1
F52,I371,1
F33,I371,1
F45,I404,1
F37,I625,1
F38,I625,1
F52,I465,1
F26,I465,1
F48,I528,1
F46,I436,1
F34,I393,1
F32,I393,1
F33,I579,1
F22,I539,1
F49,F36,1
I367,F36,1
I706,F36,1
I448,F36,1
I473,F36,1
I421,F36,1
F31,I360,1
F49,F34,1
F23,F34,1
I368,F34,1
I549,F34,1
F27,F34,1
I709,F34,1
I365,F34,1
I516,F34,1
I390,F34,1
F80,F34,1
I415,F34,1
I488,F34,1
I619,F34,1
I496,F34,1
I465,F34,1
I379,F43,1
I716,F43,1
I401,F43,1
I675,F43,1
I513,F43,1
I682,F43,1
I706,F43,1
I631,F43,1
I714,F43,1
F42,F43,1
I595,F43,1
I638,F43,1
I457,F43,1
I419,F43,1
I432,F43,1
F80,F43,1
I364,F43,1
I407,F43,1
I639,F43,1
I717,F43,1
I718,F43,1
F46,I434,1
F31,I434,1
F51,I434,1
F52,F48,1
F46,F48,1
I514,F48,1
I501,F48,1
I566,F48,1
F24,F52,1
I554,F52,1
F40,F52,1
I383,F52,1
I713,F52,1
I705,F52,1
I434,F46,1
I397,F46,1
F32,F46,1
I441,F46,1
I384,F46,1
I390,F46,1
I582,F46,1
I505,F46,1
I436,F46,1
I514,F53,1
F47,F53,1
I671,F53,1
I417,F53,1
F30,I361,1
F38,I361,1
F40,I361,1
F35,F49,1
I375,F49,1
F33,F49,1
I703,F49,1
F36,I675,1
F37,I675,1
I719,F35,1
I489,F35,1
I375,F26,1
I423,F26,1
I719,F26,1
I654,F26,1
I649,F26,1
I685,F26,1
I361,F37,1
I570,F37,1
I657,F37,1
I720,F37,1
I566,F37,1
I609,F37,1
I551,F37,1
I622,F37,1
I482,F37,1
I649,F37,1
I619,F37,1
I674,F37,1
I560,F37,1
I594,F37,1
I401,F30,1
F31,F30,1
I399,F30,1
I360,F45,1
F49,F45,1
F30,F45,1
I425,F45,1
I468,F45,1
I520,F45,1
I686,F39,1
F22,I367,1
F34,I375,1
F53,I375,1
F42,I375,1
F43,I453,1
F26,I453,1
I434,F33,1
F23,F33,1
I366,F33,1
F51,F33,1
I383,F33,1
I449,F33,1
I384,F33,1
I411,F33,1
I392,F33,1
I507,F33,1
I408,F33,1
I505,F33,1
F76,F33,1
I389,F38,1
I451,F38,1
I414,F38,1
I429,F38,1
I435,F38,1
I409,F38,1
I545,F38,1
I606,F38,1
I411,F38,1
I607,F38,1
I417,F38,1
I624,F38,1
I394,F38,1
I478,F38,1
I591,F38,1
I536,F38,1
I391,F38,1
I565,F38,1
F37,I387,1
F47,I387,1
I397,F24,1
I721,F24,1
I641,F24,1
I622,F24,1
I722,F24,1
F48,I514,1
F52,I514,1
F47,I514,1
F60,I514,1
F52,I376,1
I376,F47,1
I426,F47,1
I484,F47,1
F29,F47,1
I489,F47,1
I563,F47,1
I543,F47,1
I371,F47,1
I404,F47,1
F53,F22,1
I389,F22,1
I423,F22,1
I414,F22,1
I709,F22,1
I659,F22,1
F80,F22,1
I369,F22,1
I416,F22,1
I482,F22,1
I393,F22,1
I539,F22,1
F36,I462,1
F46,I462,1
F40,I423,1
I360,F31,1
I389,F31,1
I375,F31,1
I425,F31,1
F55,F31,1
I399,F31,1
I391,F31,1
F30,I362,1
F23,I362,1
F78,I362,1
F33,I366,1
F26,I368,1
F22,I552,1
F43,I663,1
F38,I524,1
F43,I414,1
F27,I414,1
F46,I541,1
F35,I541,1
I397,F56,1
F38,I554,1
F40,I554,1
F24,I653,1
I360,F27,1
F46,F27,1
I445,F27,1
F36,I445,1
F46,I445,1
F27,I445,1
I397,F40,1
I361,F40,1
F35,F40,1
F37,F40,1
F45,F40,1
I423,F40,1
I723,F40,1
I646,F40,1
F35,F51,1
F33,F51,1
I496,F51,1
F35,I455,1
I382,F25,1
I704,F25,1
F37,I587,1
F41,I587,1
F43,F42,1
I445,F42,1
F34,I425,1
F47,I425,1
F52,I767,1
F48,I737,1
F49,I730,1
F22,I730,1
F43,I383,1
F76,I426,1
F74,I494,1
F73,I512,1
F46,I384,1
F23,I384,1
I396,F73,1
I507,F73,1
F54,I443,1
F53,I382,1
F22,I466,1
F74,I466,1
F38,I484,1
F56,I520,1
F76,I520,1
F36,I516,1
F36,I430,1
F52,I641,1
F38,I467,1
F43,I572,1
F46,I632,1
F38,I632,1
F52,I372,1
F73,I372,1
F26,F29,1
I419,F29,1
I563,F29,1
I525,F29,1
I582,F29,1
F43,I390,1
F30,I707,1
F43,I475,1
F32,I475,1
F79,I561,1
F26,F54,1
F31,F54,1
I468,F54,1
I475,F54,1
F75,F54,1
F22,F79,1
I442,F79,1
I365,F80,1
I476,F80,1
F75,I567,1
F34,I777,1
I605,F75,1
I369,F75,1
F79,I626,1
F31,I500,1
F38,I724,1
F80,I521,1
F76,I521,1
F49,I747,1
F34,I602,1
F79,I602,1
F43,I705,1
F52,I701,1
F33,I701,1
F39,I793,1
F40,I776,1
F37,I598,1
F33,I719,1
F33,I614,1
F56,I614,1
F52,I761,1
F43,I794,1
F48,I704,1
F43,I717,1
F26,I386,1
F38,I576,1
F60,I759,1
F48,I795,1
F75,I406,1
F43,I685,1
F37,I685,1
F41,I601,1
I561,F76,1
F23,I371,1
F36,I421,1
F37,I539,1
I434,F36,1
I379,F36,1
I401,F36,1
I675,F36,1
I387,F36,1
I376,F36,1
I524,F36,1
I627,F36,1
F27,F36,1
I709,F36,1
I569,F36,1
I666,F36,1
I667,F36,1
I597,F36,1
I609,F36,1
I487,F36,1
I416,F36,1
I724,F36,1
I534,F36,1
I486,F36,1
I542,F36,1
I446,F36,1
I482,F36,1
I394,F36,1
F34,I360,1
F33,I360,1
I434,F34,1
I380,F34,1
I675,F34,1
F24,F34,1
I514,F34,1
I682,F34,1
I462,F34,1
I362,F34,1
I552,F34,1
I570,F34,1
I414,F34,1
I541,F34,1
I445,F34,1
I455,F34,1
I409,F34,1
I657,F34,1
I383,F34,1
I545,F34,1
I512,F34,1
I562,F34,1
I449,F34,1
I484,F34,1
I430,F34,1
I632,F34,1
I475,F34,1
I597,F34,1
I593,F34,1
I533,F34,1
I417,F34,1
I725,F34,1
I726,F34,1
I640,F34,1
I542,F34,1
I510,F34,1
I519,F34,1
I661,F34,1
I727,F34,1
I463,F34,1
I406,F34,1
I505,F34,1
I674,F34,1
F47,I403,1
F23,F43,1
I552,F43,1
I570,F43,1
I592,F43,1
I728,F43,1
I497,F43,1
I455,F43,1
I435,F43,1
I590,F43,1
I698,F43,1
I729,F43,1
I730,F43,1
I731,F43,1
I676,F43,1
I454,F43,1
I399,F43,1
I411,F43,1
I720,F43,1
I382,F43,1
I481,F43,1
I402,F43,1
I546,F43,1
I577,F43,1
I412,F43,1
I692,F43,1
I596,F43,1
I668,F43,1
I617,F43,1
I732,F43,1
I689,F43,1
I725,F43,1
I733,F43,1
I705,F43,1
I534,F43,1
I693,F43,1
I469,F43,1
I386,F43,1
I563,F43,1
I648,F43,1
I647,F43,1
I722,F43,1
I649,F43,1
I734,F43,1
I702,F43,1
I735,F43,1
I685,F43,1
I472,F43,1
I522,F43,1
F30,I434,1
F33,I434,1
F24,I434,1
F38,I397,1
F22,F48,1
I686,F48,1
I631,F48,1
I736,F48,1
I585,F48,1
I677,F48,1
I409,F48,1
I737,F48,1
I671,F48,1
I527,F48,1
I650,F48,1
I478,F48,1
F36,I379,1
F34,I379,1
F47,I379,1
F23,I379,1
F43,I716,1
F37,I380,1
F48,F52,1
F53,F52,1
F49,F52,1
I675,F52,1
F31,F52,1
I706,F52,1
I738,F52,1
I739,F52,1
I562,F52,1
I720,F52,1
I740,F52,1
I641,F52,1
I741,F52,1
I742,F52,1
I707,F52,1
F79,F52,1
I743,F52,1
I415,F52,1
I487,F52,1
I395,F52,1
I417,F52,1
I726,F52,1
I515,F52,1
I727,F52,1
I744,F52,1
I745,F52,1
I735,F52,1
F39,F46,1
I389,F46,1
I387,F46,1
I455,F46,1
I409,F46,1
I562,F46,1
I449,F46,1
I495,F46,1
I365,F46,1
F78,F46,1
I448,F46,1
I529,F46,1
I705,F46,1
I534,F46,1
F74,F46,1
I510,F46,1
I515,F46,1
I547,F46,1
I694,F46,1
I672,F46,1
I473,F46,1
I591,F46,1
I619,F46,1
F41,F53,1
F31,F53,1
I409,F53,1
I425,F53,1
I746,F53,1
I566,F53,1
F35,I361,1
F37,I361,1
F47,I361,1
F52,F49,1
F45,F49,1
F47,F49,1
F22,F49,1
I706,F49,1
I677,F49,1
I409,F49,1
I425,F49,1
I657,F49,1
I737,F49,1
I747,F49,1
F31,I401,1
F46,I675,1
F47,I675,1
I401,F35,1
I389,F35,1
I627,F35,1
I447,F35,1
I429,F35,1
F51,F35,1
I457,F35,1
F55,F35,1
I512,F35,1
F73,F35,1
I659,F35,1
I430,F35,1
I641,F35,1
I632,F35,1
I707,F35,1
F79,F35,1
I415,F35,1
I533,F35,1
I617,F35,1
I488,F35,1
I511,F35,1
I536,F35,1
I582,F35,1
I674,F35,1
I623,F35,1
I421,F35,1
F52,F26,1
F49,F26,1
F30,F26,1
F24,F26,1
I680,F26,1
I425,F26,1
I383,F26,1
I400,F26,1
I562,F26,1
I666,F26,1
F54,F26,1
I567,F26,1
I748,F26,1
I460,F26,1
I635,F26,1
I581,F26,1
I536,F26,1
I386,F26,1
I380,F37,1
F53,F37,1
I749,F37,1
F60,F37,1
I750,F37,1
I414,F37,1
I554,F37,1
I429,F37,1
I638,F37,1
I457,F37,1
I484,F37,1
I699,F37,1
I577,F37,1
I561,F37,1
F79,F37,1
I364,F37,1
I751,F37,1
I544,F37,1
I417,F37,1
I701,F37,1
I598,F37,1
I654,F37,1
I511,F37,1
I648,F37,1
I517,F37,1
I652,F37,1
I393,F37,1
I539,F37,1
F34,F30,1
I716,F30,1
I361,F30,1
I424,F30,1
I441,F30,1
I400,F30,1
I512,F30,1
I468,F30,1
I384,F30,1
I396,F30,1
I480,F30,1
I643,F30,1
I412,F30,1
F75,F30,1
I416,F30,1
I575,F30,1
I542,F30,1
I503,F30,1
I473,F30,1
I628,F30,1
I394,F30,1
I656,F30,1
I378,F30,1
I525,F30,1
I531,F30,1
I712,F30,1
F26,F45,1
F24,F45,1
I514,F45,1
F23,F45,1
I368,F45,1
I552,F45,1
F40,F45,1
I644,F45,1
I495,F45,1
F54,F45,1
I626,F45,1
I486,F45,1
I547,F45,1
I371,F45,1
F43,F39,1
I375,F39,1
F33,F39,1
I514,F39,1
I462,F39,1
I552,F39,1
F35,I367,1
F80,I367,1
F46,I389,1
F30,I389,1
F24,I389,1
F46,I422,1
F36,I375,1
F49,I375,1
F35,I375,1
F39,I375,1
F46,I453,1
F35,I453,1
F38,I453,1
I389,F33,1
I375,F33,1
I627,F33,1
F27,F33,1
I445,F33,1
I455,F33,1
I553,F33,1
I512,F33,1
I388,F33,1
I484,F33,1
I557,F33,1
I430,F33,1
I561,F33,1
F74,F33,1
I486,F33,1
I559,F33,1
I704,F33,1
I619,F33,1
I474,F33,1
I578,F33,1
I421,F33,1
F30,F38,1
I422,F38,1
I513,F38,1
I447,F38,1
I752,F38,1
I714,F38,1
I585,F38,1
I753,F38,1
I595,F38,1
I660,F38,1
I746,F38,1
I494,F38,1
I569,F38,1
I396,F38,1
I382,F38,1
I520,F38,1
I516,F38,1
I432,F38,1
I467,F38,1
I572,F38,1
I754,F38,1
I481,F38,1
I564,F38,1
I577,F38,1
I561,F38,1
I667,F38,1
I364,F38,1
I626,F38,1
I571,F38,1
I725,F38,1
I691,F38,1
I460,F38,1
I614,F38,1
I548,F38,1
I755,F38,1
I431,F38,1
I756,F38,1
I522,F38,1
I579,F38,1
F37,I513,1
F34,I387,1
F46,I387,1
F40,I387,1
F36,F24,1
F46,F24,1
F30,F24,1
I757,F24,1
F40,F24,1
I370,F24,1
I725,F24,1
I693,F24,1
I588,F24,1
F53,I514,1
F35,I514,1
F30,I376,1
F45,I376,1
F29,I376,1
F48,F47,1
I379,F47,1
I380,F47,1
F49,F47,1
I675,F47,1
I422,F47,1
I387,F47,1
I552,F47,1
I706,F47,1
I585,F47,1
I435,F47,1
I409,F47,1
I657,F47,1
I495,F47,1
I555,F47,1
I432,F47,1
F54,F47,1
I498,F47,1
I651,F47,1
I617,F47,1
I534,F47,1
I614,F47,1
I710,F47,1
I394,F47,1
I758,F47,1
I496,F47,1
I669,F47,1
I440,F22,1
F30,F22,1
F39,F22,1
I387,F22,1
F60,F22,1
I366,F22,1
F27,F22,1
I457,F22,1
I676,F22,1
I530,F22,1
I666,F22,1
F29,F22,1
F54,F22,1
I452,F22,1
I609,F22,1
F74,F22,1
I759,F22,1
I531,F22,1
I565,F22,1
I594,F22,1
I421,F22,1
F32,I462,1
F46,F41,1
I708,F41,1
F34,I423,1
F22,I423,1
I759,F60,1
F30,F31,1
F22,F31,1
F23,F31,1
I362,F31,1
I368,F31,1
I663,F31,1
F27,F31,1
I454,F31,1
I388,F31,1
F73,F31,1
F29,F31,1
I561,F31,1
I567,F31,1
I760,F31,1
I525,F31,1
F76,F31,1
F79,I362,1
F36,I366,1
F34,I366,1
F35,I366,1
F26,I366,1
F22,I366,1
F31,I366,1
F52,I368,1
F47,I368,1
F43,I695,1
F48,I552,1
F49,I552,1
F34,I549,1
F37,I706,1
F43,I570,1
F24,I570,1
F49,I686,1
F43,I631,1
F49,I631,1
F48,I736,1
F40,I679,1
F48,I592,1
F49,I592,1
F43,I599,1
F43,I524,1
F37,I627,1
F48,I414,1
F39,I414,1
F22,I414,1
F41,I414,1
F40,I414,1
F42,I414,1
F42,I437,1
F43,I721,1
F24,I721,1
F37,I447,1
F43,I728,1
F49,I681,1
I422,F56,1
I614,F56,1
F40,I612,1
F36,I554,1
F24,I554,1
F40,I653,1
F43,F27,1
F22,F27,1
I414,F27,1
I573,F27,1
I363,F27,1
F34,I497,1
F35,I497,1
F38,I497,1
F48,I445,1
F49,I445,1
F29,I445,1
F34,F40,1
F52,F40,1
I387,F40,1
F47,F40,1
I541,F40,1
I641,F40,1
I761,F40,1
F37,I677,1
F39,I677,1
I614,F51,1
F33,I455,1
F38,I435,1
I514,F25,1
I398,F25,1
F26,I456,1
F38,I456,1
F24,I456,1
F53,I409,1
F43,I438,1
F34,F42,1
I414,F42,1
I615,F42,1
F37,I595,1
F24,I638,1
F22,I457,1
F26,I425,1
F52,I644,1
F43,I657,1
F35,I657,1
F33,I657,1
F38,I657,1
F43,I729,1
F43,F55,1
F26,F55,1
I409,F55,1
I401,F32,1
F26,F32,1
I462,F32,1
F43,I709,1
F46,I709,1
F33,I709,1
F22,I709,1
F43,I767,1
F36,I773,1
F37,I773,1
F38,I773,1
F40,I773,1
F46,I737,1
F36,I730,1
F48,I730,1
F45,I730,1
F34,I768,1
F46,I768,1
F48,I746,1
F53,I746,1
F26,I383,1
F47,I383,1
F43,I424,1
F30,I424,1
F43,I501,1
F34,I553,1
F55,I553,1
F52,I763,1
F26,I426,1
F22,I426,1
F55,I426,1
F75,I426,1
F24,I545,1
F35,I605,1
F33,I605,1
F47,I605,1
F51,I605,1
F36,I441,1
F30,I441,1
F32,I441,1
F76,I441,1
F52,I494,1
F23,I494,1
F31,I494,1
F26,I400,1
F31,I400,1
F55,I400,1
F54,I400,1
F75,I400,1
F49,I606,1
F30,I606,1
F33,I606,1
F24,I606,1
F47,I606,1
F33,I512,1
F23,I512,1
F55,I512,1
F38,I562,1
F24,I562,1
F43,I713,1
F49,I713,1
F38,I713,1
F43,I676,1
F38,I676,1
F55,I703,1
F37,I786,1
F49,I796,1
F26,I796,1
F52,I468,1
F30,I468,1
F45,I468,1
F47,I468,1
F55,I468,1
F52,I449,1
F43,I454,1
F52,I454,1
F35,I454,1
F78,I454,1
F74,I454,1
F55,I388,1
F30,I399,1
F47,I399,1
F29,I399,1
F54,I399,1
F43,I384,1
F30,I384,1
F52,I370,1
F33,I370,1
F47,I370,1
F32,I370,1
F52,I419,1
F30,I419,1
F24,I419,1
F29,I419,1
F43,I495,1
F46,I495,1
F45,I495,1
F31,I495,1
F52,F73,1
I367,F73,1
I384,F73,1
I443,F73,1
I481,F73,1
I390,F73,1
I442,F73,1
F75,F73,1
I492,F73,1
I521,F73,1
I408,F73,1
I446,F73,1
I436,F73,1
F43,I659,1
F26,I659,1
F24,I659,1
F32,I659,1
F76,I659,1
F46,I555,1
F33,I555,1
F55,I555,1
F52,I443,1
F29,I443,1
F33,I365,1
F31,I365,1
F42,I365,1
F37,I569,1
F38,I569,1
F78,I569,1
F52,I411,1
F22,I411,1
F36,I720,1
F34,I720,1
F30,I396,1
F24,I396,1
F22,I396,1
F55,I396,1
F32,I396,1
F46,I382,1
F47,I382,1
F55,I382,1
F46,I480,1
F30,I480,1
F47,I480,1
F36,I530,1
F52,I530,1
F35,I530,1
F26,I530,1
F27,I530,1
F46,I466,1
F47,I466,1
F36,I484,1
F34,I484,1
F46,I484,1
F26,I484,1
F33,I484,1
F55,I484,1
F32,I484,1
F80,I484,1
F74,I484,1
F33,I520,1
F73,I520,1
F36,I687,1
F38,I687,1
F52,I502,1
F46,I502,1
F38,I502,1
F25,I502,1
F52,I557,1
F33,I557,1
F34,I432,1
F47,I432,1
F46,I430,1
F36,I464,1
F34,I464,1
F35,I464,1
F33,I464,1
F55,I464,1
F32,I464,1
F52,I439,1
F38,I439,1
F25,I439,1
F34,I641,1
F37,I641,1
F40,I641,1
F43,I504,1
F48,I504,1
F37,I643,1
F30,I643,1
F33,I688,1
F38,I688,1
F26,I392,1
F45,I392,1
F32,I392,1
F43,I467,1
F46,I467,1
F38,I797,1
F34,I572,1
F35,I572,1
F43,I754,1
F38,I754,1
F38,I607,1
F55,I607,1
F45,I481,1
F22,I481,1
F55,I481,1
F73,I481,1
F79,I481,1
F80,I491,1
F43,I470,1
F35,I670,1
F38,I666,1
F22,I666,1
F40,I666,1
F36,I673,1
F24,I673,1
F34,I632,1
F49,I372,1
F26,I372,1
F24,I372,1
F22,I372,1
F23,I372,1
F29,I372,1
F37,I564,1
F45,I564,1
F45,F78,1
F23,F78,1
F31,F78,1
F55,F78,1
I392,F78,1
I597,F78,1
I547,F78,1
I386,F78,1
I393,F78,1
I539,F78,1
F37,I402,1
F38,I402,1
F31,I402,1
F42,I402,1
F36,F29,1
I682,F29,1
F31,F29,1
I396,F29,1
I390,F29,1
I475,F29,1
F54,F29,1
I415,F29,1
I473,F29,1
I489,F29,1
F36,I390,1
F45,I390,1
F24,I390,1
F41,I390,1
F35,I707,1
F52,I546,1
F26,I475,1
F51,I475,1
F30,I442,1
F76,I442,1
F48,I671,1
F35,I577,1
F38,I577,1
F55,I577,1
F43,I412,1
F30,I412,1
F32,I412,1
F43,I561,1
F33,I561,1
F73,I561,1
F76,I561,1
F27,I573,1
F45,I493,1
F47,I493,1
F55,I493,1
F36,I700,1
F34,I700,1
F33,I700,1
F34,I550,1
F49,I550,1
F45,I550,1
F33,I550,1
F45,F54,1
I388,F54,1
I651,F54,1
I386,F54,1
I406,F54,1
I391,F54,1
I393,F54,1
I362,F79,1
I384,F79,1
I564,F79,1
I482,F79,1
F36,I448,1
F34,I448,1
F46,I448,1
F35,I448,1
F45,I448,1
F33,I448,1
F34,F80,1
F52,F80,1
I626,F80,1
I416,F80,1
I407,F80,1
I594,F80,1
F43,I798,1
F35,I529,1
F38,I529,1
F54,I529,1
F52,I799,1
F52,I415,1
F30,I415,1
F32,I415,1
F52,I567,1
F31,I567,1
F32,I567,1
F37,I667,1
F38,I667,1
F43,I777,1
F46,I777,1
F35,I777,1
F24,I777,1
F37,I477,1
F43,I774,1
F46,I774,1
F29,I774,1
F43,I778,1
F43,I507,1
F37,I507,1
F32,I507,1
F73,I507,1
F75,I507,1
F76,I507,1
F32,I452,1
F34,I696,1
F38,I696,1
F27,I696,1
F45,F75,1
I376,F75,1
F32,F75,1
I468,F75,1
I388,F75,1
I419,F75,1
I475,F75,1
I489,F75,1
F36,I461,1
F43,I461,1
F22,I461,1
F52,I597,1
F31,I597,1
F34,I593,1
F35,I593,1
F37,I593,1
F31,I593,1
F34,I364,1
F35,I364,1
F27,I364,1
F32,I364,1
F43,I609,1
F46,I609,1
F30,I609,1
F47,I609,1
F22,I609,1
F55,I609,1
F32,I609,1
F34,I751,1
F37,I751,1
F32,I751,1
F30,I487,1
F32,I487,1
F37,I626,1
F22,I626,1
F75,I626,1
F46,I458,1
F43,I492,1
F55,I492,1
F80,I492,1
F34,I571,1
F37,I571,1
F33,I571,1
F32,I571,1
F52,I369,1
F30,I369,1
F45,I428,1
F47,I498,1
F35,I416,1
F30,I416,1
F54,I416,1
F48,I651,1
F45,I651,1
F55,I651,1
F34,I363,1
F35,I363,1
F37,I363,1
F47,I363,1
F42,I363,1
F43,I476,1
F35,I476,1
F33,I476,1
F38,I476,1
F55,I476,1
F46,I395,1
F30,I395,1
F45,I395,1
F33,I395,1
F47,I395,1
F31,I395,1
F22,I800,1
F43,I518,1
F37,I518,1
F56,I433,1
F34,I533,1
F43,I533,1
F33,I533,1
F55,I533,1
F43,I724,1
F34,I544,1
F35,I544,1
F37,I544,1
F29,I544,1
F43,I521,1
F33,I521,1
F38,I521,1
F52,I398,1
F36,I617,1
F52,I617,1
F35,I617,1
F31,I617,1
F73,I617,1
F43,I732,1
F46,I624,1
F35,I624,1
F25,I624,1
F37,I459,1
F38,I459,1
F32,I459,1
F56,I450,1
F34,I725,1
F52,I725,1
F35,I485,1
F37,I485,1
F55,I485,1
F80,I485,1
F31,I407,1
F32,I407,1
F78,I407,1
F36,I385,1
F46,I385,1
F35,I385,1
F33,I385,1
F46,I715,1
F55,I602,1
F75,I602,1
F37,I733,1
F43,I691,1
F46,I691,1
F36,I558,1
F34,I558,1
F38,I558,1
F52,I705,1
F46,I705,1
F33,I705,1
F38,I705,1
F40,I705,1
F46,I639,1
F46,I645,1
F43,I801,1
F34,I640,1
F26,I640,1
F36,I534,1
F34,I534,1
F38,I534,1
F47,I534,1
F22,I534,1
F36,I408,1
F34,I408,1
F26,I408,1
F22,I701,1
F37,I527,1
F47,I527,1
F47,I693,1
F51,I693,1
F43,F74,1
F46,F74,1
F35,F74,1
F33,F74,1
I376,F74,1
I409,F74,1
I425,F74,1
I365,F74,1
I386,F74,1
I436,F74,1
F43,I629,1
F38,I629,1
F43,I802,1
F37,I608,1
F22,I608,1
F34,I486,1
F43,I486,1
F45,I486,1
F47,I486,1
F55,I486,1
F76,I486,1
F43,I551,1
F32,I551,1
F34,I542,1
F52,I542,1
F53,I542,1
F26,I542,1
F30,I542,1
F55,I542,1
F73,I542,1
F46,I588,1
F24,I510,1
F31,I510,1
F43,I519,1
F49,I793,1
F43,I803,1
F33,I559,1
F34,I515,1
F52,I776,1
F43,I490,1
F55,I490,1
F37,I506,1
F33,I506,1
F41,I568,1
F34,I598,1
F22,I598,1
F26,I460,1
F30,I547,1
F47,I547,1
F32,I547,1
F36,I600,1
F41,I600,1
F30,I503,1
F54,I719,1
F37,I410,1
F42,I410,1
F47,I613,1
F34,I469,1
F45,I469,1
F36,I614,1
F34,I614,1
F46,I614,1
F51,I614,1
F75,I614,1
F52,I804,1
F39,I446,1
F32,I446,1
F43,I787,1
F34,I694,1
F48,I694,1
F46,I694,1
F55,I694,1
F52,I708,1
F24,I708,1
F35,I488,1
F24,I488,1
F30,I473,1
F31,I473,1
F74,I473,1
F52,I548,1
F46,I548,1
F46,I791,1
F36,I630,1
F34,I630,1
F43,I630,1
F38,I755,1
F48,I650,1
F80,I650,1
F34,I622,1
F35,I622,1
F33,I654,1
F38,I654,1
F24,I654,1
F31,I654,1
F32,I654,1
F43,I761,1
F35,I761,1
F40,I761,1
F36,I661,1
F31,I482,1
F79,I482,1
F37,I532,1
F30,I532,1
F38,I556,1
F31,I760,1
F52,I805,1
F34,I794,1
F52,I794,1
F37,I794,1
F30,I628,1
F34,I727,1
F46,I710,1
F37,I710,1
F38,I710,1
F26,I635,1
F40,I635,1
F36,I704,1
F34,I704,1
F36,I489,1
F30,I489,1
F47,I489,1
F32,I489,1
F75,I489,1
F30,I394,1
F47,I394,1
F32,I394,1
F34,I584,1
F49,I584,1
F35,I584,1
F48,I478,1
F36,I538,1
F43,I538,1
F43,I574,1
F38,I591,1
F42,I591,1
F55,I591,1
F32,I591,1
F49,I463,1
F35,I463,1
F26,I463,1
F33,I463,1
F38,I431,1
F32,I431,1
F30,I656,1
F38,I785,1
F34,I511,1
F26,I511,1
F33,I511,1
F47,I511,1
F46,I581,1
F35,I581,1
F38,I581,1
F47,I581,1
F46,I536,1
F45,I536,1
F46,I418,1
F79,I418,1
F34,I378,1
F37,I378,1
F30,I378,1
F38,I378,1
F55,I378,1
F32,I378,1
F43,I386,1
F46,I386,1
F54,I386,1
F76,I563,1
F30,I525,1
F55,I525,1
F36,I648,1
F37,I648,1
F31,I648,1
F47,I576,1
F76,I576,1
F48,I775,1
F49,I775,1
F35,I374,1
F33,I647,1
F43,I377,1
F37,I377,1
F73,I377,1
F34,I684,1
F52,I744,1
F49,I795,1
F55,I795,1
F33,I543,1
F47,I543,1
F37,I711,1
F26,I531,1
F30,I531,1
F73,I531,1
F79,I531,1
F43,I722,1
F36,I646,1
F34,I646,1
F33,I646,1
F32,I646,1
F43,I649,1
F40,I649,1
F36,I406,1
F26,I406,1
F73,I406,1
F47,I619,1
F34,I806,1
F52,I806,1
F22,I806,1
F41,I807,1
F36,I658,1
F43,I658,1
F33,I658,1
F40,I658,1
F43,I391,1
F46,I391,1
F55,I391,1
F43,I702,1
F31,I702,1
F55,I702,1
F36,I517,1
F34,I615,1
F37,I615,1
F38,I615,1
F42,I615,1
F46,I474,1
F38,I474,1
F31,I474,1
F36,I582,1
F43,I582,1
F55,I582,1
F33,I685,1
F22,I505,1
F38,I808,1
F52,I601,1
F46,I690,1
F37,I690,1
F43,I783,1
F41,I783,1
F35,I674,1
F24,I674,1
F43,I779,1
F37,I779,1
F36,I758,1
F46,I758,1
F38,I758,1
F47,I758,1
F36,I623,1
F38,I623,1
F37,I756,1
F52,I496,1
F45,I496,1
F51,I496,1
F48,I472,1
F37,I472,1
F34,I565,1
F31,I565,1
F36,I560,1
F22,I560,1
F31,I560,1
F55,I560,1
F73,I560,1
F76,I560,1
F33,I578,1
F38,I578,1
F31,I578,1
F30,F76,1
I426,F76,1
I512,F76,1
I464,F76,1
I491,F76,1
I507,F76,1
I597,F76,1
I416,F76,1
I482,F76,1
F52,I522,1
F49,I522,1
F55,I522,1
F32,I522,1
F34,I652,1
F37,I652,1
F38,I652,1
F55,I652,1
F73,I652,1
F34,I586,1
F43,I586,1
F26,I586,1
F38,I586,1
F36,I594,1
F43,I594,1
F45,I371,1
F55,I371,1
F32,I371,1
F78,I371,1
F54,I371,1
F52,I404,1
F49,I404,1
F27,I404,1
F49,I373,1
F46,I465,1
F22,I465,1
F32,I465,1
F43,I436,1
F35,I579,1
F47,I579,1
F76,I579,1
F33,I421,1
F47,I421,1
F22,I421,1
F29,I421,1
F78,I539,1
F47,I669,1
F73,I669,1
F79,I669,1
F30,F36,1
I389,F36,1
I514,F36,1
I447,F36,1
I541,F36,1
I429,F36,1
F40,F36,1
F51,F36,1
I456,F36,1
I657,F36,1
I737,F36,1
I396,F36,1
I430,F36,1
I564,F36,1
I577,F36,1
F75,F36,1
I461,F36,1
I363,F36,1
I476,F36,1
I459,F36,1
I515,F36,1
I630,F36,1
I635,F36,1
I581,F36,1
I536,F36,1
I525,F36,1
I594,F36,1
F22,I360,1
F55,I360,1
I361,F34,1
I401,F34,1
I750,F34,1
I451,F34,1
I762,F34,1
F40,F34,1
I438,F34,1
I730,F34,1
I763,F34,1
I605,F34,1
F73,F34,1
I555,F34,1
I432,F34,1
I688,F34,1
I442,F34,1
I700,F34,1
I507,F34,1
I452,F34,1
I416,F34,1
I459,F34,1
I408,F34,1
I486,F34,1
I515,F34,1
I568,F34,1
I614,F34,1
I574,F34,1
I511,F34,1
I615,F34,1
I474,F34,1
F76,F34,1
I764,F34,1
F37,I403,1
F54,I403,1
I453,F43,1
I765,F43,1
I683,F43,1
I686,F43,1
I721,F43,1
I541,F43,1
I471,F43,1
I585,F43,1
I677,F43,1
I456,F43,1
I766,F43,1
I767,F43,1
I737,F43,1
I383,F43,1
I501,F43,1
I512,F43,1
I495,F43,1
I443,F43,1
I530,F43,1
I464,F43,1
I439,F43,1
I641,F43,1
I372,F43,1
I390,F43,1
I475,F43,1
I442,F43,1
F79,F43,1
I567,F43,1
I416,F43,1
I417,F43,1
I408,F43,1
I519,F43,1
I490,F43,1
I488,F43,1
I482,F43,1
I710,F43,1
I584,F43,1
I543,F43,1
I690,F43,1
I565,F43,1
I586,F43,1
F52,I434,1
F35,I434,1
F38,I434,1
F56,I434,1
F27,I434,1
F78,I434,1
F75,I434,1
F36,I397,1
F34,I397,1
F46,I397,1
F37,I397,1
F40,I397,1
F34,F48,1
I379,F48,1
I361,F48,1
I375,F48,1
F47,F48,1
I435,F48,1
I425,F48,1
I768,F48,1
I703,F48,1
I670,F48,1
I619,F48,1
F48,I379,1
F27,I379,1
F40,I379,1
F73,I379,1
F48,I716,1
F46,I716,1
F24,I716,1
F40,I716,1
F36,I380,1
F33,I380,1
F40,I380,1
I440,F52,1
I401,F52,1
F26,F52,1
F30,F52,1
F39,F52,1
I367,F52,1
I389,F52,1
F23,F52,1
I366,F52,1
I368,F52,1
I769,F52,1
I663,F52,1
I592,F52,1
I680,F52,1
I653,F52,1
I497,F52,1
I425,F52,1
F32,F52,1
I709,F52,1
I770,F52,1
I767,F52,1
I730,F52,1
I763,F52,1
I449,F52,1
I399,F52,1
I659,F52,1
I443,F52,1
I520,F52,1
I502,F52,1
I577,F52,1
I412,F52,1
I771,F52,1
I550,F52,1
I369,F52,1
I482,F52,1
I489,F52,1
I563,F52,1
I772,F52,1
I371,F52,1
I404,F52,1
I465,F52,1
I436,F52,1
I403,F46,1
I380,F46,1
F53,F46,1
I361,F46,1
I453,F46,1
I513,F46,1
F24,F46,1
I462,F46,1
I423,F46,1
I706,F46,1
I585,F46,1
F27,F46,1
I445,F46,1
F40,F46,1
I435,F46,1
I657,F46,1
I709,F46,1
I773,F46,1
I424,F46,1
I545,F46,1
I555,F46,1
I484,F46,1
I432,F46,1
I392,F46,1
I412,F46,1
F54,F46,1
I593,F46,1
I571,F46,1
I395,F46,1
I624,F46,1
I575,F46,1
I488,F46,1
I548,F46,1
I563,F46,1
I377,F46,1
I646,F46,1
I690,F46,1
I758,F46,1
I421,F46,1
F34,F53,1
F45,F53,1
F33,F53,1
F22,F53,1
I552,F53,1
I592,F53,1
I524,F53,1
I585,F53,1
F40,F53,1
I456,F53,1
I698,F53,1
I773,F53,1
I737,F53,1
I730,F53,1
I439,F53,1
I547,F53,1
I672,F53,1
I404,F53,1
F34,I361,1
F48,I361,1
F45,I361,1
F31,I361,1
F32,I361,1
F34,I440,1
F52,I440,1
F45,I440,1
F47,I440,1
F36,F49,1
I367,F49,1
I389,F49,1
F23,F49,1
F31,F49,1
I362,F49,1
I414,F49,1
I681,F49,1
F40,F49,1
I435,F49,1
I709,F49,1
I768,F49,1
I746,F49,1
I606,F49,1
I713,F49,1
I561,F49,1
I743,F49,1
I774,F49,1
I487,F49,1
I651,F49,1
I395,F49,1
I407,F49,1
I515,F49,1
I694,F49,1
I775,F49,1
I404,F49,1
F36,I401,1
F34,I401,1
F52,I401,1
F53,I401,1
F35,I675,1
F23,I675,1
F55,I675,1
I360,F35,1
F48,F35,1
I379,F35,1
I380,F35,1
I361,F35,1
F30,F35,1
I367,F35,1
I422,F35,1
I514,F35,1
I362,F35,1
I366,F35,1
I665,F35,1
I680,F35,1
F27,F35,1
I445,F35,1
I388,F35,1
I396,F35,1
I484,F35,1
I577,F35,1
I420,F35,1
I700,F35,1
I487,F35,1
I385,F35,1
I486,F35,1
I519,F35,1
I446,F35,1
I474,F35,1
I690,F35,1
I380,F26,1
I361,F26,1
F45,F26,1
F39,F26,1
I389,F26,1
I514,F26,1
F47,F26,1
F22,F26,1
F23,F26,1
I362,F26,1
I447,F26,1
F51,F26,1
F42,F26,1
F32,F26,1
I770,F26,1
I399,F26,1
I384,F26,1
I392,F26,1
I390,F26,1
I412,F26,1
I561,F26,1
I369,F26,1
I363,F26,1
I518,F26,1
I534,F26,1
I701,F26,1
I527,F26,1
I515,F26,1
I776,F26,1
I463,F26,1
I563,F26,1
I756,F26,1
I371,F26,1
I436,F26,1
I397,F37,1
I757,F37,1
I686,F37,1
I631,F37,1
I663,F37,1
I738,F37,1
I610,F37,1
I665,F37,1
I541,F37,1
I680,F37,1
F40,F37,1
I677,F37,1
I455,F37,1
I590,F37,1
I660,F37,1
I709,F37,1
I773,F37,1
I768,F37,1
I370,F37,1
F73,F37,1
I382,F37,1
I777,F37,1
I778,F37,1
I593,F37,1
I724,F37,1
I534,F37,1
I490,F37,1
I719,F37,1
I556,F37,1
I727,F37,1
I704,F37,1
I584,F37,1
I463,F37,1
I378,F37,1
I779,F37,1
I578,F37,1
F76,F37,1
I373,F37,1
I436,F37,1
I434,F30,1
I397,F30,1
F35,F30,1
F26,F30,1
I367,F30,1
F41,F30,1
I362,F30,1
F56,F30,1
I456,F30,1
I606,F30,1
I365,F30,1
F29,F30,1
I707,F30,1
I500,F30,1
I705,F30,1
I413,F30,1
I446,F30,1
I386,F30,1
I647,F30,1
I619,F30,1
I496,F30,1
I393,F30,1
I434,F45,1
I380,F45,1
I440,F45,1
I389,F45,1
I387,F45,1
I376,F45,1
I683,F45,1
F51,F45,1
I409,F45,1
I709,F45,1
I768,F45,1
I746,F45,1
I400,F45,1
I419,F45,1
I443,F45,1
I466,F45,1
I557,F45,1
F78,F45,1
F29,F45,1
I415,F45,1
I369,F45,1
I651,F45,1
I395,F45,1
I705,F45,1
I527,F45,1
F74,F45,1
I406,F45,1
I582,F45,1
F36,F39,1
F52,F39,1
I513,F39,1
F22,F39,1
I414,F39,1
F27,F39,1
I762,F39,1
I382,F39,1
I502,F39,1
F36,I367,1
F34,I367,1
F52,I367,1
F53,I367,1
F49,I367,1
F33,I367,1
F23,I367,1
F55,I367,1
F73,I367,1
F76,I367,1
F36,I389,1
F34,I389,1
F48,I389,1
F35,I389,1
F45,I389,1
F33,I389,1
F47,I389,1
F31,I389,1
F35,I422,1
F30,I422,1
F47,I422,1
F22,I422,1
F48,I375,1
F45,I375,1
F33,I375,1
F40,I375,1
F55,I375,1
F74,I375,1
F23,I453,1
F29,I453,1
F54,I453,1
I360,F33,1
I379,F33,1
I361,F33,1
F49,F33,1
F30,F33,1
I514,F33,1
F41,F33,1
I631,F33,1
I447,F33,1
I541,F33,1
I497,F33,1
F40,F33,1
I587,F33,1
I425,F33,1
I657,F33,1
I729,F33,1
I660,F33,1
F73,F33,1
I481,F33,1
F78,F33,1
F80,F33,1
I500,F33,1
I617,F33,1
I705,F33,1
I542,F33,1
I719,F33,1
I630,F33,1
I710,F33,1
I574,F33,1
I511,F33,1
I536,F33,1
I418,F33,1
I386,F33,1
I377,F33,1
I649,F33,1
I623,F33,1
I565,F33,1
I594,F33,1
I371,F33,1
I397,F38,1
I682,F38,1
I549,F38,1
I610,F38,1
F51,F38,1
I456,F38,1
I739,F38,1
I770,F38,1
I767,F38,1
I555,F38,1
I671,F38,1
I566,F38,1
I529,F38,1
I774,F38,1
I596,F38,1
I533,F38,1
I724,F38,1
I385,F38,1
I558,F38,1
I776,F38,1
I511,F38,1
I581,F38,1
I377,F38,1
I505,F38,1
I623,F38,1
I393,F38,1
I604,F38,1
F36,I513,1
F43,I513,1
F38,I513,1
F36,I387,1
F53,I387,1
F54,I387,1
F34,F24,1
I434,F24,1
F52,F24,1
I440,F24,1
F49,F24,1
I675,F24,1
F26,F24,1
F45,F24,1
I367,F24,1
I422,F24,1
I376,F24,1
F47,F24,1
F22,F24,1
F23,F24,1
F31,F24,1
I366,F24,1
I570,F24,1
I445,F24,1
I657,F24,1
F32,F24,1
I780,F24,1
I605,F24,1
I606,F24,1
I688,F24,1
I392,F24,1
I673,F24,1
I405,F24,1
I777,F24,1
I473,F24,1
I404,F24,1
F26,I514,1
F45,I514,1
F39,I514,1
F36,I682,1
F47,I682,1
F36,I376,1
F49,I376,1
F24,I376,1
F22,I376,1
F27,I376,1
F55,I376,1
F75,I376,1
I397,F47,1
F53,F47,1
I361,F47,1
F26,F47,1
I389,F47,1
F41,F47,1
I368,F47,1
I686,F47,1
I554,F47,1
F27,F47,1
I445,F47,1
F40,F47,1
F51,F47,1
I746,F47,1
I449,F47,1
I419,F47,1
I365,F47,1
I411,F47,1
I520,F47,1
I688,F47,1
I452,F47,1
I609,F47,1
I693,F47,1
I547,F47,1
I469,F47,1
I473,F47,1
I548,F47,1
I386,F47,1
I406,F47,1
I734,F47,1
I522,F47,1
I421,F47,1
I604,F47,1
F48,F22,1
I367,F22,1
I513,F22,1
F24,F22,1
I714,F22,1
F25,F22,1
I456,F22,1
I780,F22,1
I770,F22,1
I426,F22,1
I399,F22,1
F73,F22,1
I382,F22,1
I484,F22,1
I504,F22,1
I481,F22,1
I390,F22,1
I475,F22,1
I442,F22,1
F79,F22,1
I487,F22,1
I748,F22,1
I701,F22,1
I551,F22,1
I446,F22,1
I489,F22,1
I378,F22,1
I543,F22,1
I496,F22,1
F76,F22,1
I465,F22,1
F53,I462,1
F33,F41,1
F23,F41,1
I587,F41,1
F36,I423,1
F48,I423,1
F46,I423,1
F35,I423,1
F45,I423,1
F33,I423,1
F24,I423,1
F47,I423,1
F31,I423,1
F33,I749,1
I514,F60,1
I434,F31,1
I361,F31,1
I440,F31,1
I401,F31,1
F26,F31,1
I552,F31,1
I683,F31,1
I445,F31,1
I435,F31,1
I456,F31,1
I409,F31,1
I553,F31,1
I400,F31,1
I606,F31,1
I468,F31,1
I419,F31,1
I466,F31,1
I520,F31,1
I516,F31,1
I781,F31,1
I491,F31,1
F78,F31,1
I395,F31,1
I719,F31,1
I526,F31,1
I614,F31,1
I482,F31,1
I505,F31,1
F34,I362,1
F52,I362,1
F53,I362,1
F49,I362,1
F35,I362,1
F39,I362,1
F33,I362,1
F31,I362,1
F52,I366,1
F24,I366,1
F55,I366,1
F46,I368,1
F49,I368,1
F45,I368,1
F23,I368,1
F32,I368,1
F78,I368,1
F43,I809,1
F52,I750,1
F46,I552,1
F39,I552,1
F42,I552,1
F43,I549,1
F38,I549,1
F48,I706,1
F52,I706,1
F53,I706,1
F38,I706,1
F22,I706,1
F34,I570,1
F37,I621,1
F43,I683,1
F52,I683,1
F31,I683,1
F24,I757,1
F37,I686,1
F38,I686,1
F47,I631,1
F43,I736,1
F53,I736,1
F49,I736,1
F38,I736,1
F43,I679,1
F52,I663,1
F38,I663,1
F43,I592,1
F46,I592,1
F53,I592,1
F33,I592,1
F38,I592,1
F78,I592,1
F41,I599,1
F37,I451,1
F33,I627,1
F43,I810,1
F34,I414,1
F37,I414,1
F33,I414,1
F38,I414,1
F47,I414,1
F78,I414,1
F35,I437,1
F38,I610,1
F41,I610,1
F46,I447,1
F35,I447,1
F26,I447,1
F38,I447,1
F47,I447,1
F31,I447,1
F45,I523,1
F36,I752,1
F48,I681,1
F34,I589,1
F52,I665,1
F37,I541,1
F38,I541,1
F48,I680,1
F46,I680,1
F33,I680,1
F46,F56,1
F30,F56,1
F31,F56,1
I366,F56,1
I526,F56,1
I472,F56,1
F30,I714,1
F38,I714,1
F40,I714,1
F43,I612,1
F34,I471,1
F43,I471,1
F43,I585,1
F48,I585,1
F52,I585,1
F37,I585,1
F22,I585,1
F23,I585,1
F25,I585,1
F52,I554,1
F37,I554,1
F22,I554,1
F31,I554,1
F52,I653,1
F48,F27,1
F35,F27,1
F45,F27,1
I514,F27,1
I682,F27,1
F40,F27,1
F32,F27,1
I365,F27,1
I530,F27,1
I364,F27,1
I724,F27,1
I469,F27,1
I727,F27,1
F43,I429,1
F37,I429,1
F47,I429,1
F23,I429,1
F51,I429,1
F43,I497,1
F52,I497,1
F43,I445,1
F37,I445,1
F39,I445,1
F33,I445,1
F23,I445,1
F42,I445,1
F43,I753,1
F38,I753,1
I380,F40,1
F49,F40,1
I375,F40,1
F24,F40,1
I683,F40,1
I409,F40,1
I425,F40,1
I780,F40,1
I464,F40,1
I741,F40,1
I385,F40,1
I705,F40,1
I782,F40,1
I783,F40,1
F48,I677,1
F25,I677,1
F38,F51,1
I605,F51,1
F79,F51,1
F34,I455,1
F43,I455,1
F46,I455,1
F53,I455,1
F24,I455,1
F48,I435,1
F53,I435,1
F37,F25,1
F22,F25,1
I585,F25,1
I383,F25,1
I439,F25,1
F29,F25,1
I710,F25,1
F37,I590,1
F38,I590,1
F34,I456,1
F43,I456,1
F33,I456,1
F23,I456,1
F43,I409,1
F48,I409,1
F46,I409,1
F49,I409,1
F45,I409,1
F33,I409,1
F38,I409,1
F47,I409,1
F31,I409,1
F34,I587,1
F38,I587,1
F36,F42,1
I375,F42,1
I451,F42,1
I438,F42,1
I657,F42,1
I412,F42,1
I458,F42,1
I363,F42,1
F36,I698,1
F43,I698,1
F35,I698,1
F37,I811,1
F36,I457,1
F38,I457,1
F43,I739,1
F38,I739,1
F36,I425,1
F48,I425,1
F23,I425,1
F42,I425,1
F55,I425,1
F75,I425,1
F38,I644,1
F36,I657,1
F37,I657,1
F22,I657,1
F33,I729,1
I468,F55,1
F79,F55,1
I619,F55,1
I743,F32,1
F52,I709,1
F38,I709,1
F47,I770,1
F22,I770,1
F46,I773,1
F33,I768,1
F43,I746,1
F49,I746,1
F45,I746,1
F24,I746,1
F40,I746,1
F23,I383,1
F24,I424,1
F23,I424,1
F36,I553,1
F80,I553,1
F76,I553,1
F43,I426,1
F73,I426,1
F54,I426,1
F74,I426,1
F78,I545,1
F54,I494,1
F22,I400,1
F74,I400,1
F52,I512,1
F29,I512,1
F79,I512,1
F46,I562,1
F34,I676,1
F27,I786,1
F78,I468,1
F29,I468,1
F23,I449,1
F78,I449,1
F29,I449,1
F23,I454,1
F31,I388,1
F29,I388,1
F24,I399,1
F79,I399,1
F75,I399,1
F78,I384,1
F74,I419,1
F26,I495,1
F29,I495,1
F74,I495,1
I530,F73,1
I484,F73,1
I520,F73,1
I491,F73,1
I561,F73,1
F80,F73,1
I369,F73,1
I476,F73,1
I719,F73,1
I496,F73,1
I669,F73,1
F23,I659,1
F80,I659,1
F46,I443,1
F79,I443,1
F74,I443,1
F34,I365,1
F23,I365,1
F78,I365,1
F54,I411,1
F76,I396,1
F73,I530,1
F31,I466,1
F79,I466,1
F56,I484,1
F23,I520,1
F51,I430,1
F48,I464,1
F56,I464,1
F40,I464,1
F79,I464,1
F32,I641,1
F74,I392,1
F76,I392,1
F36,I741,1
F46,I741,1
F47,I741,1
F40,I741,1
F30,I572,1
F23,I572,1
F43,I673,1
F31,I632,1
F75,I372,1
F76,I372,1
F52,I564,1
F79,I564,1
I434,F78,1
I512,F78,1
I419,F78,1
I464,F78,1
I416,F78,1
I395,F78,1
I407,F78,1
I486,F78,1
I446,F78,1
I582,F78,1
F46,I402,1
F49,F29,1
I468,F29,1
I449,F29,1
I454,F29,1
F73,F29,1
I466,F29,1
I372,F29,1
F78,F29,1
I412,F29,1
F79,F29,1
F75,F29,1
I386,F29,1
I371,F29,1
F26,I390,1
F22,I390,1
F73,I390,1
F29,I390,1
F54,I390,1
F75,I390,1
F29,I475,1
F75,I475,1
F35,I442,1
F33,I442,1
F73,I442,1
F78,I442,1
F79,I442,1
F73,I412,1
F78,I412,1
F43,I700,1
I389,F54,1
I399,F54,1
I384,F54,1
I495,F54,1
I491,F54,1
I372,F54,1
F78,F54,1
F29,F54,1
I390,F54,1
I493,F54,1
F79,F54,1
I775,F54,1
I377,F54,1
I582,F54,1
I505,F54,1
I496,F54,1
I514,F79,1
I426,F79,1
I454,F79,1
I419,F79,1
I495,F79,1
I466,F79,1
I484,F79,1
I464,F79,1
I571,F79,1
I521,F79,1
I548,F79,1
I543,F79,1
I652,F79,1
F23,I448,1
F79,I743,1
F35,F80,1
I388,F80,1
I569,F80,1
I597,F80,1
I571,F80,1
I408,F80,1
F76,F80,1
I371,F80,1
F38,I799,1
F43,I567,1
F33,I692,1
F52,I507,1
I494,F75,1
I399,F75,1
I516,F75,1
I392,F75,1
I564,F75,1
F29,F75,1
I521,F75,1
I548,F75,1
I563,F75,1
I543,F75,1
I391,F75,1
F23,I597,1
F49,I593,1
F36,I751,1
F46,I751,1
F23,I487,1
F79,I492,1
F54,I571,1
F80,I571,1
F76,I369,1
F30,I603,1
F36,I416,1
F79,I416,1
F80,I416,1
F29,I651,1
F73,I476,1
F78,I395,1
F37,I662,1
F38,I433,1
F49,I521,1
F35,I521,1
F43,I417,1
F37,I689,1
F46,I575,1
F73,I485,1
F38,I620,1
F24,I705,1
F42,I705,1
F75,I705,1
F43,I645,1
F23,I408,1
F80,I408,1
I454,F74,1
I419,F74,1
F78,F74,1
I412,F74,1
I493,F74,1
F79,F74,1
I563,F74,1
I531,F74,1
F34,I608,1
F23,I486,1
F33,I519,1
F43,I776,1
F26,I776,1
F27,I490,1
F36,I568,1
F73,I547,1
F38,I526,1
F56,I526,1
F22,I614,1
F38,I804,1
F73,I446,1
F80,I446,1
F76,I446,1
F43,I488,1
F29,I473,1
F78,I548,1
F74,I548,1
F43,I812,1
F43,I755,1
F55,I650,1
F43,I489,1
F78,I489,1
F54,I489,1
F79,I489,1
F74,I489,1
F52,I478,1
F37,I478,1
F24,I538,1
F54,I574,1
F43,I813,1
F73,I511,1
F75,I418,1
F33,I378,1
F45,I386,1
F29,I386,1
F37,I775,1
F29,I543,1
F74,I543,1
F49,I531,1
F31,I531,1
F73,I646,1
F37,I814,1
F54,I391,1
F46,I702,1
F37,I702,1
F24,I815,1
F43,I816,1
F45,I582,1
F29,I582,1
F75,I505,1
F36,I690,1
F38,I674,1
F73,I496,1
F54,I496,1
F76,I496,1
F22,F76,1
I419,F76,1
I659,F76,1
I390,F76,1
F79,F76,1
I446,F76,1
I406,F76,1
F31,I522,1
F53,I528,1
F55,I436,1
F23,I393,1
F74,I393,1
F34,I579,1
F37,I579,1
F23,I421,1
F38,I604,1
F23,I539,1
F22,I655,1
